name,mp,fg,fga,fg%,3p,3pa,3p%,ft,fta,ft%,orb,drb,trb,ast,stl,blk,tov,pf,pts,+/-,start,win,game_id,fanta_score,fanta_value,fanta_gain
Christian Braun,19.0,2.0,5.0,0.4,0.0,1.0,0.0,1.0,2.0,0.5,1.0,2.0,3.0,2.0,0.0,1.0,1.0,1.0,5.0,5.0,0,1,202310240DEN,7.612500000000001,4.0103125,0.01031250000000003
Justin Holiday,,,,,,,,,,,,,,,,,,,,,0,1,202310240DEN,,4.0,-0.1
Braxton Key,0.0,0.0,0.0,,0.0,0.0,,0.0,0.0,,0.0,0.0,0.0,0.0,0.0,0.0,0.0,0.0,0.0,0.0,0,1,202310240DEN,0.0,4.0,-0.18
Collin Gillespie,0.0,0.0,0.0,,0.0,0.0,,0.0,0.0,,0.0,0.0,0.0,0.0,0.0,0.0,0.0,0.0,0.0,0.0,0,1,202310240DEN,0.0,4.0,0.0
Jalen Pickett,0.0,1.0,1.0,1.0,0.0,0.0,,0.0,0.0,,0.0,0.0,0.0,0.0,0.0,0.0,0.0,0.0,2.0,0.0,0,1,202310240DEN,2.1,4.0,0.005250000000000005
Peyton Watson,10.0,1.0,3.0,0.333,1.0,3.0,0.333,0.0,0.0,,0.0,0.0,0.0,0.0,0.0,1.0,1.0,1.0,3.0,1.0,0,1,202310240DEN,1.05,4.0,-0.15375
Zeke Nnaji,11.0,1.0,3.0,0.333,0.0,1.0,0.0,2.0,2.0,1.0,0.0,0.0,0.0,1.0,0.0,0.0,1.0,2.0,4.0,-3.0,0,1,202310240DEN,2.1,4.0,-0.1275
Reggie Jackson,24.0,3.0,8.0,0.375,2.0,5.0,0.4,0.0,0.0,,0.0,3.0,3.0,1.0,1.0,0.0,2.0,0.0,8.0,11.0,0,1,202310240DEN,6.300000000000001,6.196199561403509,-0.12704605263157892
Michael Porter Jr.,30.0,5.0,13.0,0.385,2.0,9.0,0.222,0.0,0.0,,2.0,10.0,12.0,2.0,2.0,0.0,0.0,1.0,12.0,12.0,1,1,202310240DEN,29.925,11.784233217592593,0.22809895833333338
Jamal Murray,34.0,8.0,13.0,0.615,3.0,5.0,0.6,2.0,2.0,1.0,0.0,2.0,2.0,6.0,0.0,1.0,1.0,3.0,21.0,3.0,1,1,202310240DEN,32.550000000000004,13.648841477272727,0.20895511363636388
Aaron Gordon,34.0,7.0,11.0,0.636,1.0,2.0,0.5,0.0,0.0,,2.0,5.0,7.0,5.0,2.0,1.0,0.0,0.0,15.0,6.0,1,1,202310240DEN,33.075,12.367610197368421,0.2830707236842106
Kentavious Caldwell-Pope,36.0,8.0,12.0,0.667,2.0,3.0,0.667,2.0,2.0,1.0,1.0,1.0,2.0,1.0,3.0,1.0,3.0,5.0,20.0,10.0,1,1,202310240DEN,23.3625,8.31816357421875,0.21962841796875004
Nikola Jokić,36.0,12.0,22.0,0.545,3.0,5.0,0.6,2.0,4.0,0.5,3.0,10.0,13.0,11.0,1.0,1.0,2.0,2.0,29.0,15.0,1,1,202310240DEN,64.3125,26.67048903508772,0.42684868421052635
Maxwell Lewis,1.0,0.0,0.0,,0.0,0.0,,0.0,0.0,,0.0,0.0,0.0,0.0,0.0,0.0,0.0,0.0,0.0,0.0,0,0,202310240DEN,0.0,4.0,0.0
Max Christie,1.0,0.0,0.0,,0.0,0.0,,0.0,0.0,,0.0,0.0,0.0,0.0,0.0,0.0,0.0,0.0,0.0,0.0,0,0,202310240DEN,0.0,4.0,-0.18
Jaxson Hayes,6.0,0.0,0.0,,0.0,0.0,,0.0,0.0,,0.0,1.0,1.0,0.0,0.0,0.0,0.0,1.0,0.0,-7.0,0,0,202310240DEN,1.0,4.0,-0.155
Rui Hachimura,14.0,3.0,10.0,0.3,0.0,3.0,0.0,0.0,0.0,,2.0,1.0,3.0,0.0,0.0,0.0,0.0,2.0,6.0,-8.0,0,0,202310240DEN,2.5,6.251876704545455,-0.22914602272727275
Christian Wood,15.0,3.0,4.0,0.75,0.0,1.0,0.0,1.0,2.0,0.5,1.0,3.0,4.0,0.0,0.0,0.0,1.0,1.0,7.0,2.0,0,0,202310240DEN,7.75,10.999281798245613,-0.3154111842105263
Cam Reddish,17.0,2.0,4.0,0.5,1.0,2.0,0.5,2.0,2.0,1.0,2.0,2.0,4.0,0.0,0.0,1.0,0.0,2.0,7.0,7.0,0,0,202310240DEN,11.0,5.788350506756758,0.015208614864864856
Gabe Vincent,22.0,3.0,8.0,0.375,0.0,4.0,0.0,0.0,0.0,,1.0,0.0,1.0,2.0,1.0,0.0,2.0,3.0,6.0,-17.0,0,0,202310240DEN,3.75,5.420516905737705,-0.1572494877049181
LeBron James,29.0,10.0,16.0,0.625,1.0,4.0,0.25,0.0,1.0,0.0,1.0,7.0,8.0,5.0,1.0,0.0,0.0,1.0,21.0,7.0,1,0,202310240DEN,32.25,19.08801222826087,-0.05519429347826088
Taurean Prince,29.0,6.0,8.0,0.75,4.0,6.0,0.667,2.0,2.0,1.0,1.0,2.0,3.0,1.0,0.0,1.0,1.0,0.0,18.0,-14.0,1,0,202310240DEN,25.75,5.681375,0.40637500000000004
Austin Reaves,31.0,4.0,11.0,0.364,1.0,2.0,0.5,5.0,7.0,0.714,4.0,4.0,8.0,4.0,2.0,0.0,2.0,2.0,14.0,-14.0,1,0,202310240DEN,21.0,8.48222800925926,0.15005208333333336
Anthony Davis,34.0,6.0,17.0,0.353,1.0,2.0,0.5,4.0,4.0,1.0,1.0,7.0,8.0,4.0,0.0,2.0,2.0,3.0,17.0,-17.0,1,0,202310240DEN,21.25,19.63995442708333,-0.36916015624999987
D'Angelo Russell,36.0,4.0,12.0,0.333,2.0,5.0,0.4,1.0,2.0,0.5,0.0,4.0,4.0,7.0,1.0,0.0,3.0,3.0,11.0,1.0,1,0,202310240DEN,14.5,12.374761122881356,-0.20352277542372876
Julian Strawther,,,,,,,,,,,,,,,,,,,,,0,1,202310240DEN,,4.0,-0.1
DeAndre Jordan,,,,,,,,,,,,,,,,,,,,,0,1,202310240DEN,,5.2897058823529415,-0.1
Trayce Jackson-Davis,,,,,,,,,,,,,,,,,,,,,0,0,202310240GSW,,4.0,-0.1
Brandin Podziemski,,,,,,,,,,,,,,,,,,,,,0,0,202310240GSW,,4.0,-0.1
Kevin Durant,36.0,7.0,22.0,0.318,1.0,2.0,0.5,3.0,5.0,0.6,2.0,9.0,11.0,3.0,0.0,1.0,2.0,1.0,18.0,0.0,1,1,202310240GSW,22.575,18.6123828125,-0.28605468749999996
Cory Joseph,3.0,0.0,0.0,,0.0,0.0,,0.0,0.0,,1.0,0.0,1.0,1.0,0.0,0.0,0.0,0.0,0.0,-12.0,0,0,202310240GSW,2.75,5.13048406862745,-0.16976102941176469
Moses Moody,17.0,4.0,6.0,0.667,2.0,4.0,0.5,1.0,2.0,0.5,1.0,2.0,3.0,0.0,3.0,1.0,1.0,1.0,11.0,-6.0,0,0,202310240GSW,15.75,4.21375,0.21375000000000005
Dario Šarić,20.0,3.0,11.0,0.273,1.0,3.0,0.333,0.0,0.0,,4.0,3.0,7.0,1.0,0.0,2.0,0.0,3.0,7.0,7.0,0,0,202310240GSW,11.5,4.936037109375,0.068458984375
Jonathan Kuminga,20.0,4.0,8.0,0.5,0.0,0.0,,4.0,6.0,0.667,3.0,3.0,6.0,1.0,2.0,1.0,2.0,5.0,12.0,4.0,0,0,202310240GSW,15.75,6.596619073275862,0.10146821120689664
Gary Payton II,21.0,0.0,5.0,0.0,0.0,2.0,0.0,1.0,2.0,0.5,0.0,2.0,2.0,2.0,3.0,0.0,0.0,1.0,1.0,15.0,0,0,202310240GSW,4.5,4.804879934210526,-0.10860690789473686
Devin Booker,36.0,13.0,21.0,0.619,3.0,8.0,0.375,3.0,3.0,1.0,1.0,5.0,6.0,8.0,1.0,0.0,6.0,4.0,32.0,5.0,1,1,202310240GSW,40.6875,16.47456317934783,0.2888294836956523
Kevon Looney,27.0,3.0,6.0,0.5,0.0,0.0,,1.0,1.0,1.0,5.0,6.0,11.0,1.0,0.0,0.0,2.0,2.0,7.0,-11.0,1,0,202310240GSW,15.75,10.72516566780822,-0.0930706335616438
Stephen Curry,30.0,8.0,20.0,0.4,4.0,14.0,0.286,7.0,7.0,1.0,1.0,4.0,5.0,1.0,1.0,0.0,2.0,5.0,27.0,-9.0,1,0,202310240GSW,25.25,18.76455612244898,-0.22319897959183654
Chris Paul,34.0,4.0,15.0,0.267,0.0,6.0,0.0,6.0,7.0,0.857,1.0,5.0,6.0,9.0,2.0,0.0,1.0,0.0,14.0,5.0,1,0,202310240GSW,24.25,14.486870710784316,-0.04781066176470594
Klay Thompson,36.0,6.0,18.0,0.333,3.0,11.0,0.273,0.0,0.0,,1.0,6.0,7.0,3.0,0.0,1.0,3.0,3.0,15.0,9.0,1,0,202310240GSW,15.75,11.781935515873016,-0.14286607142857133
Chimezie Metu,,,,,,,,,,,,,,,,,,,,,0,1,202310240GSW,,4.0,-0.1
Saben Lee,,,,,,,,,,,,,,,,,,,,,0,1,202310240GSW,,4.47608695652174,-0.1
Andrew Wiggins,27.0,4.0,12.0,0.333,0.0,3.0,0.0,2.0,3.0,0.667,1.0,0.0,1.0,0.0,0.0,1.0,0.0,3.0,10.0,-22.0,1,0,202310240GSW,4.75,9.929268382352943,-0.3435257352941176
Keita Bates-Diop,,,,,,,,,,,,,,,,,,,,,0,1,202310240GSW,,6.294736842105263,-0.1
Bol Bol,,,,,,,,,,,,,,,,,,,,,0,1,202310240GSW,,7.083792372881356,-0.1
Josh Okogie,31.0,7.0,9.0,0.778,1.0,1.0,1.0,2.0,2.0,1.0,4.0,1.0,5.0,1.0,1.0,0.0,2.0,2.0,17.0,2.0,1,1,202310240GSW,23.1,5.724969254032258,0.3349490927419355
Jusuf Nurkić,27.0,5.0,8.0,0.625,1.0,2.0,0.5,3.0,3.0,1.0,3.0,11.0,14.0,3.0,0.0,1.0,1.0,5.0,14.0,2.0,1,1,202310240GSW,38.0625,12.44681976744186,0.40990116279069777
Eric Gordon,31.0,4.0,16.0,0.25,2.0,9.0,0.222,0.0,0.0,,1.0,3.0,4.0,1.0,1.0,1.0,1.0,2.0,10.0,6.0,0,1,202310240GSW,5.5125,6.996002520161291,-0.18534828629032257
Grayson Allen,20.0,0.0,6.0,0.0,0.0,5.0,0.0,0.0,0.0,,3.0,1.0,4.0,2.0,0.0,0.0,1.0,2.0,0.0,-4.0,1,1,202310240GSW,1.3125,7.420858901515151,-0.31531534090909086
Yuta Watanabe,17.0,3.0,5.0,0.6,2.0,4.0,0.5,0.0,0.0,,0.0,4.0,4.0,0.0,0.0,1.0,1.0,2.0,8.0,7.0,0,1,202310240GSW,10.5,4.390651348039216,0.0679797794117647
Jordan Goodwin,14.0,1.0,4.0,0.25,0.0,1.0,0.0,0.0,0.0,,1.0,3.0,4.0,3.0,1.0,0.0,2.0,0.0,2.0,7.0,0,1,202310240GSW,6.5625,5.3974859068627445,-0.08253860294117643
Nassir Little,2.0,1.0,1.0,1.0,1.0,1.0,1.0,0.0,0.0,,0.0,1.0,1.0,0.0,1.0,0.0,0.0,1.0,3.0,-3.0,0,1,202310240GSW,5.775,4.202436298076923,-0.04684254807692306
Udoka Azubuike,,,,,,,,,,,,,,,,,,,,,0,1,202310240GSW,,4.0,-0.1
Drew Eubanks,19.0,1.0,3.0,0.333,0.0,0.0,,2.0,4.0,0.5,2.0,5.0,7.0,2.0,0.0,3.0,3.0,3.0,4.0,-2.0,0,1,202310240GSW,11.025,7.06209375,-0.04415625000000001
Nic Claxton,28.0,3.0,10.0,0.3,0.0,0.0,,1.0,1.0,1.0,4.0,3.0,7.0,4.0,0.0,3.0,0.0,1.0,7.0,-12.0,1,0,202310250BRK,19.5,13.696878264925374,-0.13493143656716422
Dorian Finney-Smith,27.0,4.0,8.0,0.5,2.0,6.0,0.333,0.0,1.0,0.0,1.0,4.0,5.0,2.0,0.0,0.0,3.0,1.0,10.0,7.0,0,0,202310250BRK,8.75,6.953455280172414,-0.09859213362068964
Cameron Johnson,26.0,5.0,10.0,0.5,1.0,4.0,0.25,1.0,2.0,0.5,2.0,3.0,5.0,3.0,2.0,0.0,2.0,1.0,12.0,-1.0,1,0,202310250BRK,17.0,10.144795230263158,-0.03300082236842106
Spencer Dinwiddie,23.0,1.0,3.0,0.333,1.0,3.0,0.333,2.0,2.0,1.0,0.0,1.0,1.0,3.0,0.0,0.0,1.0,2.0,5.0,-10.0,1,0,202310250BRK,8.0,12.070702665441177,-0.35935248161764705
Ben Simmons,22.0,2.0,6.0,0.333,0.0,0.0,,0.0,0.0,,1.0,9.0,10.0,9.0,0.0,1.0,2.0,2.0,4.0,-6.0,1,0,202310250BRK,23.25,9.689239864864865,0.15207770270270282
Cam Thomas,25.0,13.0,21.0,0.619,2.0,5.0,0.4,8.0,11.0,0.727,0.0,3.0,3.0,2.0,1.0,0.0,1.0,0.0,36.0,5.0,0,0,202310250BRK,31.0,5.4423188775510205,0.5550739795918368
Lonnie Walker IV,,,,,,,,,,,,,,,,,,,,,0,0,202310250BRK,,5.395703125,-0.1
Dennis Smith Jr.,15.0,4.0,5.0,0.8,2.0,3.0,0.667,0.0,0.0,,2.0,2.0,4.0,1.0,0.0,0.0,1.0,1.0,10.0,5.0,0,0,202310250BRK,13.5,7.651910539215686,-0.007158088235294069
Day'Ron Sharpe,11.0,2.0,3.0,0.667,0.0,0.0,,0.0,0.0,,1.0,1.0,2.0,0.0,0.0,2.0,3.0,2.0,4.0,2.0,0,0,202310250BRK,3.75,4.365435156249999,-0.10753359374999999
Noah Clowney,,,,,,,,,,,,,,,,,,,,,0,0,202310250BRK,,4.0,-0.1
Harry Giles,,,,,,,,,,,,,,,,,,,,,0,0,202310250BRK,,4.0,-0.1
Trendon Watford,,,,,,,,,,,,,,,,,,,,,0,0,202310250BRK,,5.437867647058825,-0.1
Mikal Bridges,35.0,6.0,12.0,0.5,0.0,2.0,0.0,8.0,9.0,0.889,2.0,4.0,6.0,4.0,3.0,0.0,3.0,4.0,20.0,-3.0,1,0,202310250BRK,26.5,12.89214169520548,0.08623416095890424
Royce O'Neale,22.0,2.0,6.0,0.333,1.0,4.0,0.25,0.0,0.0,,0.0,7.0,7.0,2.0,0.0,0.0,1.0,2.0,5.0,8.0,0,0,202310250BRK,9.5,8.573794776119403,-0.15530970149253728
Tristan Thompson,,,,,,,,,,,,,,,,,,,,,0,1,202310250BRK,,4.0,-0.1
Isaac Okoro,31.0,6.0,10.0,0.6,2.0,4.0,0.5,4.0,5.0,0.8,3.0,3.0,6.0,4.0,2.0,1.0,2.0,5.0,18.0,5.0,1,1,202310250BRK,29.6625,5.555721117424243,0.5147173295454547
Sam Merrill,,,,,,,,,,,,,,,,,,,,,0,1,202310250BRK,,4.0,-0.1
Max Strus,38.0,9.0,17.0,0.529,7.0,13.0,0.538,2.0,2.0,1.0,0.0,12.0,12.0,2.0,1.0,1.0,0.0,4.0,27.0,13.0,1,1,202310250BRK,50.400000000000006,8.277203571428572,0.9293464285714288
Donovan Mitchell,35.0,11.0,21.0,0.524,4.0,10.0,0.4,1.0,1.0,1.0,2.0,3.0,5.0,6.0,4.0,1.0,0.0,1.0,27.0,7.0,1,1,202310250BRK,46.2,16.339997395833333,0.4394765625000001
Evan Mobley,33.0,5.0,11.0,0.455,0.0,0.0,,0.0,0.0,,1.0,5.0,6.0,1.0,0.0,2.0,0.0,3.0,10.0,3.0,1,1,202310250BRK,16.5375,13.368346047794118,-0.19700321691176464
Darius Garland,32.0,6.0,12.0,0.5,1.0,5.0,0.2,2.0,2.0,1.0,1.0,1.0,2.0,5.0,2.0,0.0,6.0,2.0,15.0,6.0,1,1,202310250BRK,14.4375,14.698389547413795,-0.31464924568965513
Isaiah Mobley,,,,,,,,,,,,,,,,,,,,,0,1,202310250BRK,,4.0,-0.1
Georges Niang,19.0,0.0,3.0,0.0,0.0,3.0,0.0,0.0,0.0,,2.0,2.0,4.0,0.0,0.0,0.0,0.0,3.0,0.0,-9.0,0,1,202310250BRK,1.5750000000000002,4.76355018939394,-0.18323011363636366
Damian Jones,11.0,2.0,2.0,1.0,0.0,0.0,,0.0,0.0,,0.0,0.0,0.0,2.0,0.0,0.0,2.0,3.0,4.0,-7.0,0,1,202310250BRK,4.2,4.0,-0.07499999999999998
Ty Jerome,5.0,1.0,1.0,1.0,0.0,0.0,,0.0,0.0,,0.0,0.0,0.0,0.0,0.0,0.0,0.0,1.0,2.0,-7.0,0,1,202310250BRK,2.1,5.34513984375,-0.19689140625
Emoni Bates,,,,,,,,,,,,,,,,,,,,,0,1,202310250BRK,,4.0,-0.1
Caris LeVert,31.0,4.0,17.0,0.235,3.0,8.0,0.375,0.0,0.0,,0.0,3.0,3.0,5.0,1.0,1.0,0.0,1.0,11.0,-6.0,0,1,202310250BRK,15.225000000000001,8.232888671875001,0.010623046875000042
Terry Taylor,,,,,,,,,,,,,,,,,,,,,0,0,202310250CHI,,4.0,-0.1
Vasilije Micić,,,,,,,,,,,,,,,,,,,,,0,1,202310250CHI,,4.0,-0.1
DeMar DeRozan,32.0,9.0,20.0,0.45,1.0,3.0,0.333,1.0,3.0,0.333,2.0,3.0,5.0,2.0,1.0,1.0,0.0,1.0,20.0,-29.0,1,0,202310250CHI,19.5,13.722721774193548,-0.13614919354838706
Nikola Vučević,31.0,5.0,8.0,0.625,0.0,2.0,0.0,1.0,1.0,1.0,1.0,8.0,9.0,4.0,3.0,2.0,4.0,2.0,11.0,-19.0,1,0,202310250CHI,25.75,16.047969202898553,-0.08210326086956532
Coby White,30.0,4.0,14.0,0.286,2.0,7.0,0.286,5.0,6.0,0.833,1.0,3.0,4.0,4.0,0.0,0.0,0.0,3.0,15.0,-8.0,1,0,202310250CHI,15.25,6.518005635245902,0.09208350409836069
Patrick Williams,30.0,4.0,10.0,0.4,0.0,4.0,0.0,0.0,0.0,,2.0,1.0,3.0,4.0,2.0,0.0,0.0,3.0,8.0,-3.0,1,0,202310250CHI,15.5,6.846898550724638,0.08313043478260873
Zach LaVine,24.0,4.0,16.0,0.25,2.0,9.0,0.222,6.0,6.0,1.0,0.0,4.0,4.0,3.0,0.0,0.0,4.0,3.0,16.0,1.0,1,0,202310250CHI,7.5,13.045473076923077,-0.4183730769230769
Andre Drummond,15.0,3.0,4.0,0.75,0.0,0.0,,0.0,0.0,,3.0,2.0,5.0,1.0,1.0,0.0,1.0,1.0,6.0,-1.0,0,0,202310250CHI,12.25,6.422265340909091,0.018060795454545475
Alex Caruso,19.0,2.0,5.0,0.4,1.0,4.0,0.25,1.0,2.0,0.5,0.0,2.0,2.0,3.0,2.0,0.0,1.0,1.0,6.0,-19.0,0,0,202310250CHI,10.0,6.51574676724138,-0.04524461206896552
Jevon Carter,15.0,1.0,4.0,0.25,1.0,4.0,0.25,0.0,0.0,,0.0,1.0,1.0,2.0,0.0,0.0,0.0,0.0,3.0,-15.0,0,0,202310250CHI,4.0,6.201743838028168,-0.18751672535211264
Ayo Dosunmu,9.0,3.0,5.0,0.6,2.0,4.0,0.5,0.0,0.0,,0.0,0.0,0.0,1.0,1.0,0.0,1.0,0.0,8.0,3.0,0,0,202310250CHI,7.5,6.337717817164179,-0.10230083955223879
Dāvis Bertāns,,,,,,,,,,,,,,,,,,,,,0,1,202310250CHI,,4.0,-0.1
Dalen Terry,3.0,0.0,2.0,0.0,0.0,1.0,0.0,0.0,0.0,,0.0,2.0,2.0,1.0,0.0,0.0,0.0,0.0,0.0,1.0,0,0,202310250CHI,1.5,4.0,-0.1425
Torrey Craig,21.0,4.0,6.0,0.667,3.0,4.0,0.75,0.0,0.0,,4.0,3.0,7.0,1.0,0.0,0.0,1.0,2.0,11.0,-12.0,0,0,202310250CHI,20.0,7.102302536231885,0.18889673913043475
Julian Phillips,3.0,0.0,0.0,,0.0,0.0,,0.0,0.0,,0.0,0.0,0.0,0.0,0.0,0.0,0.0,0.0,0.0,1.0,0,0,202310250CHI,0.0,4.0,0.0
Aleksej Pokusevski,1.0,0.0,1.0,0.0,0.0,1.0,0.0,0.0,0.0,,0.0,2.0,2.0,0.0,0.0,0.0,0.0,0.0,0.0,0.0,0,1,202310250CHI,1.05,5.991462962962964,-0.25483333333333336
Lindy Waters III,2.0,0.0,1.0,0.0,0.0,1.0,0.0,0.0,0.0,,0.0,0.0,0.0,0.0,0.0,0.0,0.0,0.0,0.0,0.0,0,1,202310250CHI,-1.05,4.0,-0.20625
Tre Mann,1.0,0.0,0.0,,0.0,0.0,,0.0,0.0,,0.0,0.0,0.0,1.0,0.0,0.0,0.0,0.0,0.0,0.0,0,1,202310250CHI,1.5750000000000002,4.558556469298246,-0.1735707236842105
Shai Gilgeous-Alexander,36.0,12.0,18.0,0.667,2.0,5.0,0.4,5.0,5.0,1.0,0.0,5.0,5.0,10.0,1.0,2.0,1.0,0.0,31.0,19.0,1,1,202310250CHI,56.7,18.314285156249998,0.6213164062500003
Luguentz Dort,32.0,3.0,8.0,0.375,2.0,5.0,0.4,0.0,0.0,,0.0,7.0,7.0,2.0,2.0,1.0,2.0,1.0,8.0,13.0,1,1,202310250CHI,16.275000000000002,8.511474798387097,0.024982862903225933
Josh Giddey,31.0,7.0,14.0,0.5,2.0,3.0,0.667,0.0,0.0,,1.0,5.0,6.0,6.0,0.0,0.0,3.0,1.0,16.0,19.0,1,1,202310250CHI,21.7875,13.79820361328125,-0.07982373046874991
Chet Holmgren,25.0,4.0,7.0,0.571,2.0,3.0,0.667,1.0,3.0,0.333,0.0,4.0,4.0,3.0,1.0,0.0,1.0,3.0,11.0,14.0,1,1,202310250CHI,16.275000000000002,8.178187500000002,0.04068750000000004
Jalen Williams,31.0,5.0,11.0,0.455,2.0,6.0,0.333,4.0,4.0,1.0,0.0,3.0,3.0,5.0,1.0,0.0,2.0,3.0,16.0,8.0,1,1,202310250CHI,21.0,10.490443948412699,0.05542410714285717
Cason Wallace,19.0,5.0,5.0,1.0,3.0,3.0,1.0,0.0,0.0,,0.0,2.0,2.0,1.0,0.0,1.0,1.0,3.0,13.0,9.0,0,1,202310250CHI,20.475,10.2886875,0.05118750000000005
Ousmane Dieng,14.0,3.0,5.0,0.6,3.0,5.0,0.6,0.0,0.0,,1.0,1.0,2.0,0.0,0.0,0.0,1.0,1.0,9.0,2.0,0,1,202310250CHI,11.2875,4.1021875,0.10218749999999999
Aaron Wiggins,10.0,1.0,3.0,0.333,0.0,1.0,0.0,0.0,0.0,,1.0,2.0,3.0,0.0,0.0,0.0,1.0,2.0,2.0,-4.0,0,1,202310250CHI,1.8375000000000001,4.8287653688524586,-0.17943135245901637
Olivier Sarr,10.0,1.0,1.0,1.0,0.0,0.0,,2.0,2.0,1.0,1.0,3.0,4.0,0.0,0.0,0.0,1.0,3.0,4.0,6.0,0,1,202310250CHI,7.0875,5.11334375,-0.05540624999999996
Isaiah Joe,21.0,4.0,8.0,0.5,3.0,6.0,0.5,3.0,4.0,0.75,1.0,4.0,5.0,2.0,1.0,0.0,2.0,2.0,14.0,14.0,0,1,202310250CHI,19.6875,5.870320060483872,0.23876764112903226
LaMelo Ball,30.0,4.0,15.0,0.267,4.0,11.0,0.364,3.0,4.0,0.75,1.0,5.0,6.0,10.0,1.0,0.0,3.0,3.0,15.0,7.0,1,1,202310250CHO,32.8125,17.48488162878788,0.035071022727272805
Patty Mills,,,,,,,,,,,,,,,,,,,,,0,0,202310250CHO,,4.0,-0.1
Terry Rozier,34.0,7.0,16.0,0.438,2.0,7.0,0.286,8.0,12.0,0.667,1.0,4.0,5.0,6.0,0.0,0.0,3.0,2.0,24.0,14.0,1,1,202310250CHO,22.837500000000002,11.660342075892856,0.04840011160714297
Gordon Hayward,33.0,4.0,8.0,0.5,0.0,1.0,0.0,2.0,3.0,0.667,3.0,5.0,8.0,7.0,1.0,1.0,6.0,1.0,10.0,15.0,1,1,202310250CHO,20.212500000000002,9.972139266304348,0.0592316576086957
P.J. Washington,31.0,12.0,18.0,0.667,1.0,6.0,0.167,0.0,0.0,,1.0,4.0,5.0,2.0,0.0,0.0,1.0,4.0,25.0,5.0,1,1,202310250CHO,28.087500000000002,10.27845,0.2509500000000001
Mark Williams,29.0,5.0,6.0,0.833,0.0,0.0,,3.0,3.0,1.0,4.0,11.0,15.0,1.0,3.0,1.0,2.0,2.0,13.0,19.0,1,1,202310250CHO,40.425000000000004,9.136277439024392,0.6277408536585367
Nick Smith Jr.,0.0,0.0,0.0,,0.0,0.0,,0.0,0.0,,0.0,0.0,0.0,0.0,0.0,0.0,0.0,0.0,0.0,0.0,0,1,202310250CHO,0.0,4.0,0.0
JT Thor,20.0,2.0,7.0,0.286,1.0,3.0,0.333,0.0,0.0,,1.0,1.0,2.0,1.0,0.0,0.0,0.0,0.0,5.0,2.0,0,1,202310250CHO,3.9375,4.0,-0.08156249999999998
Nick Richards,18.0,2.0,2.0,1.0,0.0,0.0,,3.0,4.0,0.75,1.0,3.0,4.0,1.0,0.0,1.0,2.0,3.0,7.0,-14.0,0,1,202310250CHO,10.762500000000001,7.860886160714286,-0.08866741071428569
Théo Maledon,16.0,2.0,5.0,0.4,0.0,2.0,0.0,0.0,0.0,,0.0,3.0,3.0,4.0,0.0,0.0,1.0,3.0,4.0,-5.0,0,1,202310250CHO,8.925,5.354426215277778,-0.018664062499999995
Garrison Mathews,,,,,,,,,,,,,,,,,,,,,0,0,202310250CHO,,4.0,-0.1
Amari Bailey,,,,,,,,,,,,,,,,,,,,,0,1,202310250CHO,,4.0,-0.1
Leaky Black,,,,,,,,,,,,,,,,,,,,,0,1,202310250CHO,,4.0,-0.1
Brandon Miller,24.0,5.0,9.0,0.556,3.0,7.0,0.429,0.0,0.0,,0.0,3.0,3.0,2.0,0.0,0.0,1.0,3.0,13.0,-13.0,0,1,202310250CHO,17.325,8.7058125,0.04331250000000003
Mouhamed Gueye,,,,,,,,,,,,,,,,,,,,,0,0,202310250CHO,,4.0,-0.1
Jalen Johnson,29.0,9.0,13.0,0.692,1.0,3.0,0.333,2.0,4.0,0.5,0.0,7.0,7.0,2.0,2.0,1.0,0.0,1.0,21.0,8.0,0,0,202310250CHO,29.5,5.37233064516129,0.5191048387096775
Bruno Fernando,,,,,,,,,,,,,,,,,,,,,0,0,202310250CHO,,4.427272727272728,-0.1
Trae Young,36.0,4.0,19.0,0.211,1.0,9.0,0.111,14.0,15.0,0.933,0.0,1.0,1.0,9.0,1.0,0.0,5.0,3.0,23.0,-11.0,1,0,202310250CHO,16.5,16.692755597014926,-0.3546324626865672
Dejounte Murray,32.0,3.0,14.0,0.214,0.0,3.0,0.0,5.0,6.0,0.833,0.0,2.0,2.0,6.0,0.0,0.0,1.0,0.0,11.0,-15.0,1,0,202310250CHO,9.5,13.68457472826087,-0.3961317934782609
De'Andre Hunter,30.0,4.0,9.0,0.444,1.0,4.0,0.25,0.0,1.0,0.0,2.0,2.0,4.0,1.0,0.0,0.0,0.0,6.0,9.0,-13.0,1,0,202310250CHO,5.0,7.58304939516129,-0.2264264112903226
Saddiq Bey,28.0,6.0,12.0,0.5,1.0,4.0,0.25,2.0,2.0,1.0,3.0,2.0,5.0,0.0,5.0,0.0,2.0,1.0,15.0,-2.0,1,0,202310250CHO,20.25,8.73399632352941,0.11855514705882353
Clint Capela,28.0,6.0,10.0,0.6,0.0,0.0,,3.0,4.0,0.75,6.0,7.0,13.0,0.0,1.0,0.0,2.0,1.0,15.0,-19.0,1,0,202310250CHO,29.0,13.86070127118644,0.10604025423728825
Trent Forrest,,,,,,,,,,,,,,,,,,,,,0,0,202310250CHO,,4.0,-0.1
Bogdan Bogdanović,24.0,3.0,9.0,0.333,1.0,5.0,0.2,0.0,0.0,,0.0,4.0,4.0,4.0,3.0,0.0,0.0,1.0,7.0,6.0,0,0,202310250CHO,15.5,8.233848214285715,0.01777678571428576
Onyeka Okongwu,19.0,3.0,5.0,0.6,0.0,0.0,,1.0,1.0,1.0,1.0,3.0,4.0,2.0,0.0,0.0,1.0,5.0,7.0,14.0,0,0,202310250CHO,10.75,9.628247395833334,-0.17227343750000002
AJ Griffin,9.0,1.0,2.0,0.5,0.0,1.0,0.0,0.0,0.0,,0.0,2.0,2.0,0.0,0.0,0.0,1.0,1.0,2.0,2.0,0,0,202310250CHO,1.5,4.6514355769230775,-0.17991057692307694
Kobe Bufkin,,,,,,,,,,,,,,,,,,,,,0,0,202310250CHO,,4.0,-0.1
Tyrese Haliburton,26.0,9.0,16.0,0.563,2.0,6.0,0.333,0.0,0.0,,0.0,3.0,3.0,11.0,1.0,2.0,3.0,1.0,20.0,6.0,1,1,202310250IND,40.425000000000004,19.252343112244898,0.15106760204081637
Myles Turner,23.0,5.0,8.0,0.625,0.0,2.0,0.0,1.0,2.0,0.5,0.0,8.0,8.0,1.0,0.0,3.0,2.0,4.0,11.0,14.0,1,1,202310250IND,19.95,13.556079326923077,-0.11651682692307685
Obi Toppin,19.0,4.0,9.0,0.444,2.0,5.0,0.4,1.0,1.0,1.0,1.0,3.0,4.0,1.0,1.0,0.0,0.0,0.0,11.0,7.0,1,1,202310250IND,14.9625,4.557144597457628,0.17695391949152542
Buddy Hield,25.0,5.0,9.0,0.556,4.0,7.0,0.571,0.0,0.0,,0.0,2.0,2.0,5.0,1.0,1.0,1.0,0.0,14.0,15.0,0,1,202310250IND,26.25,11.636906709558824,0.1388368566176471
Aaron Nesmith,23.0,2.0,5.0,0.4,1.0,3.0,0.333,2.0,2.0,1.0,1.0,4.0,5.0,1.0,0.0,1.0,1.0,3.0,7.0,13.0,0,1,202310250IND,11.2875,6.587016633064517,-0.014898689516129049
Andrew Nembhard,21.0,6.0,9.0,0.667,0.0,1.0,0.0,0.0,0.0,,1.0,3.0,4.0,10.0,0.0,0.0,2.0,4.0,12.0,12.0,0,1,202310250IND,31.762500000000003,7.6251103515625,0.4721806640625001
Isaiah Jackson,11.0,2.0,4.0,0.5,0.0,0.0,,0.0,0.0,,1.0,3.0,4.0,0.0,0.0,0.0,0.0,2.0,4.0,3.0,0,1,202310250IND,6.5625,6.388526315789473,-0.12923684210526315
Bruce Brown,27.0,8.0,11.0,0.727,6.0,8.0,0.75,2.0,2.0,1.0,1.0,2.0,3.0,1.0,1.0,0.0,1.0,3.0,24.0,15.0,1,1,202310250IND,33.3375,8.892215533088237,0.45370450367647064
T.J. McConnell,6.0,2.0,2.0,1.0,0.0,0.0,,0.0,0.0,,0.0,1.0,1.0,2.0,2.0,0.0,0.0,0.0,4.0,1.0,0,1,202310250IND,11.55,8.11231201923077,-0.07989951923076921
Jordan Nwora,5.0,2.0,7.0,0.286,1.0,2.0,0.5,0.0,0.0,,1.0,0.0,1.0,1.0,0.0,1.0,0.0,0.0,5.0,3.0,0,1,202310250IND,4.4625,5.200428655660377,-0.12822700471698112
Ben Sheppard,5.0,0.0,1.0,0.0,0.0,0.0,,0.0,0.0,,0.0,0.0,0.0,0.0,0.0,0.0,0.0,0.0,0.0,3.0,0,1,202310250IND,-1.05,4.0,-0.0026250000000000023
Jarace Walker,5.0,0.0,5.0,0.0,0.0,1.0,0.0,0.0,0.0,,1.0,3.0,4.0,0.0,1.0,0.0,0.0,1.0,0.0,3.0,0,1,202310250IND,0.7875000000000001,4.0,0.0019687500000000017
Daniel Theis,,,,,,,,,,,,,,,,,,,,,0,1,202310250IND,,4.555357142857143,-0.1
Jalen Smith,13.0,5.0,6.0,0.833,2.0,2.0,1.0,1.0,1.0,1.0,3.0,5.0,8.0,0.0,1.0,0.0,0.0,4.0,13.0,6.0,0,1,202310250IND,23.3625,7.443082435344828,0.2608626077586207
John Butler,,,,,,,,,,,,,,,,,,,,,0,0,202310250IND,,4.0,-0.1
Bennedict Mathurin,25.0,6.0,15.0,0.4,2.0,6.0,0.333,4.0,4.0,1.0,0.0,4.0,4.0,5.0,2.0,0.0,2.0,1.0,18.0,14.0,1,1,202310250IND,22.575,7.843755597014925,0.22136753731343278
Patrick Baldwin Jr.,3.0,0.0,1.0,0.0,0.0,0.0,,0.0,0.0,,0.0,0.0,0.0,0.0,0.0,0.0,0.0,0.0,0.0,2.0,0,0,202310250IND,-1.0,4.0,-0.205
Jared Butler,3.0,1.0,2.0,0.5,1.0,1.0,1.0,0.0,0.0,,0.0,0.0,0.0,0.0,0.0,0.0,0.0,0.0,3.0,2.0,0,0,202310250IND,2.0,5.1308984375,-0.18941406249999998
Tyus Jones,28.0,7.0,12.0,0.583,2.0,4.0,0.5,0.0,1.0,0.0,1.0,2.0,3.0,6.0,1.0,1.0,2.0,1.0,16.0,-17.0,1,0,202310250IND,23.25,8.817220643939395,0.19316761363636364
Jordan Poole,26.0,7.0,18.0,0.389,0.0,6.0,0.0,4.0,5.0,0.8,0.0,2.0,2.0,5.0,1.0,1.0,4.0,1.0,18.0,-12.0,1,0,202310250IND,13.5,10.402693065068494,-0.13677611301369863
Kyle Kuzma,24.0,9.0,18.0,0.5,1.0,4.0,0.25,6.0,6.0,1.0,1.0,1.0,2.0,0.0,0.0,2.0,0.0,0.0,25.0,-10.0,1,0,202310250IND,22.25,12.029734953703704,0.01561458333333332
Daniel Gafford,21.0,2.0,2.0,1.0,0.0,0.0,,2.0,4.0,0.5,1.0,4.0,5.0,0.0,0.0,2.0,0.0,5.0,6.0,-23.0,1,0,202310250IND,13.25,8.27060576923077,-0.04285576923076917
Delon Wright,25.0,3.0,8.0,0.375,1.0,1.0,1.0,1.0,1.0,1.0,1.0,5.0,6.0,6.0,3.0,0.0,0.0,1.0,8.0,-15.0,0,0,202310250IND,22.75,8.576217391304347,0.19143478260869567
Deni Avdija,20.0,4.0,8.0,0.5,0.0,0.0,,1.0,2.0,0.5,2.0,5.0,7.0,5.0,1.0,0.0,2.0,0.0,9.0,-15.0,1,0,202310250IND,18.5,8.078976102941178,0.1036084558823529
Bilal Coulibaly,23.0,1.0,3.0,0.333,1.0,1.0,1.0,0.0,0.0,,0.0,4.0,4.0,3.0,0.0,3.0,3.0,1.0,3.0,-13.0,0,0,202310250IND,9.5,4.77375,0.02375000000000002
Danilo Gallinari,17.0,4.0,7.0,0.571,2.0,2.0,1.0,6.0,6.0,1.0,2.0,1.0,3.0,0.0,0.0,0.0,0.0,1.0,16.0,5.0,0,0,202310250IND,16.5,8.29125,0.041250000000000064
Mike Muscala,8.0,0.0,0.0,,0.0,0.0,,0.0,0.0,,0.0,3.0,3.0,0.0,0.0,0.0,0.0,0.0,0.0,-8.0,0,0,202310250IND,3.0,4.610823660714286,-0.1387299107142857
Eugene Omoruyi,7.0,2.0,3.0,0.667,0.0,0.0,,0.0,0.0,,1.0,1.0,2.0,1.0,0.0,0.0,1.0,0.0,4.0,-2.0,0,0,202310250IND,5.25,4.0,-0.04874999999999999
Ryan Rollins,6.0,0.0,3.0,0.0,0.0,0.0,,1.0,2.0,0.5,0.0,3.0,3.0,1.0,0.0,0.0,1.0,0.0,1.0,-1.0,0,0,202310250IND,0.0,4.0,-0.18
Corey Kispert,24.0,4.0,11.0,0.364,1.0,5.0,0.2,2.0,2.0,1.0,2.0,3.0,5.0,1.0,0.0,0.0,1.0,1.0,11.0,-8.0,0,0,202310250IND,9.5,6.9588017418032795,-0.0792105532786885
Robert Covington,23.0,2.0,5.0,0.4,1.0,4.0,0.25,0.0,0.0,,1.0,3.0,4.0,2.0,3.0,1.0,0.0,2.0,5.0,26.0,1,1,202310250LAC,17.0625,5.578162202380953,0.1838169642857143
Paul George,31.0,11.0,17.0,0.647,4.0,7.0,0.571,1.0,1.0,1.0,0.0,3.0,3.0,6.0,3.0,0.0,4.0,2.0,27.0,23.0,1,1,202310250LAC,38.325,15.413828443877552,0.27696619897959196
Russell Westbrook,28.0,5.0,8.0,0.625,1.0,2.0,0.5,0.0,0.0,,2.0,3.0,5.0,13.0,0.0,0.0,3.0,3.0,11.0,30.0,1,1,202310250LAC,36.225,12.508496031746033,0.35889285714285724
Kawhi Leonard,28.0,9.0,17.0,0.529,5.0,5.0,1.0,0.0,0.0,,1.0,4.0,5.0,6.0,1.0,1.0,4.0,2.0,23.0,25.0,1,1,202310250LAC,33.862500000000004,15.89433648255814,0.13750508720930243
Ivica Zubac,25.0,8.0,10.0,0.8,0.0,0.0,,4.0,5.0,0.8,5.0,7.0,12.0,0.0,0.0,4.0,2.0,3.0,20.0,25.0,1,1,202310250LAC,41.2125,11.94724951171875,0.51590185546875
Norman Powell,22.0,2.0,6.0,0.333,2.0,5.0,0.4,2.0,2.0,1.0,0.0,3.0,3.0,1.0,0.0,0.0,2.0,0.0,8.0,-4.0,0,1,202310250LAC,5.775,7.680090801886793,-0.2107110849056604
Moses Brown,,,,,,,,,,,,,,,,,,,,,0,0,202310250LAC,,4.0,-0.1
Mason Plumlee,17.0,2.0,4.0,0.5,0.0,0.0,,2.0,4.0,0.5,3.0,5.0,8.0,2.0,0.0,0.0,0.0,0.0,6.0,-6.0,0,1,202310250LAC,14.4375,11.829802849264706,-0.17948023897058818
Kenyon Martin Jr.,13.0,0.0,4.0,0.0,0.0,2.0,0.0,0.0,0.0,,1.0,0.0,1.0,1.0,1.0,0.0,0.0,2.0,0.0,-17.0,0,1,202310250LAC,0.2625,8.048541232638888,-0.3723789062499999
Nicolas Batum,9.0,0.0,0.0,,0.0,0.0,,0.0,0.0,,0.0,3.0,3.0,1.0,1.0,1.0,0.0,0.0,0.0,-2.0,0,1,202310250LAC,7.875,5.696354640151515,-0.062262784090909074
Amir Coffey,3.0,0.0,1.0,0.0,0.0,0.0,,2.0,2.0,1.0,0.0,0.0,0.0,1.0,0.0,0.0,0.0,0.0,2.0,-7.0,0,1,202310250LAC,2.625,4.0,-0.11437499999999999
Moussa Diabaté,4.0,1.0,3.0,0.333,0.0,0.0,,0.0,0.0,,1.0,0.0,1.0,0.0,2.0,0.0,0.0,0.0,2.0,-10.0,0,1,202310250LAC,4.4625,4.0,-0.06843749999999998
Jordan Miller,3.0,1.0,2.0,0.5,0.0,0.0,,0.0,0.0,,0.0,0.0,0.0,0.0,0.0,0.0,0.0,1.0,2.0,-7.0,0,1,202310250LAC,1.05,4.0,0.0026250000000000023
Bones Hyland,21.0,6.0,11.0,0.545,3.0,8.0,0.375,2.0,2.0,1.0,0.0,0.0,0.0,3.0,0.0,0.0,2.0,4.0,17.0,-4.0,0,1,202310250LAC,17.325,7.35314453125,0.10705078125
Kobe Brown,5.0,0.0,2.0,0.0,0.0,1.0,0.0,0.0,0.0,,0.0,0.0,0.0,0.0,0.0,0.0,0.0,1.0,0.0,-12.0,0,1,202310250LAC,-2.1,4.0,-0.005250000000000005
Rayan Rupert,1.0,0.0,0.0,,0.0,0.0,,0.0,0.0,,0.0,0.0,0.0,0.0,0.0,0.0,0.0,0.0,0.0,3.0,0,0,202310250LAC,0.0,4.0,0.0
Jabari Walker,6.0,2.0,3.0,0.667,0.0,0.0,,2.0,3.0,0.667,1.0,0.0,1.0,0.0,0.0,0.0,2.0,0.0,6.0,12.0,0,0,202310250LAC,2.25,4.0,-0.12375
Scoot Henderson,35.0,5.0,11.0,0.455,0.0,3.0,0.0,1.0,1.0,1.0,1.0,2.0,3.0,4.0,0.0,0.0,4.0,2.0,11.0,-16.0,1,0,202310250LAC,9.25,4.648125,0.023125000000000007
Jerami Grant,29.0,5.0,12.0,0.417,0.0,4.0,0.0,3.0,4.0,0.75,2.0,1.0,3.0,1.0,0.0,1.0,3.0,1.0,13.0,-22.0,1,0,202310250LAC,8.0,11.050644886363635,-0.31128693181818173
Anfernee Simons,27.0,6.0,14.0,0.429,2.0,6.0,0.333,4.0,4.0,1.0,1.0,1.0,2.0,4.0,2.0,0.0,0.0,2.0,18.0,-27.0,1,0,202310250LAC,22.25,11.616005896226417,0.03510966981132069
Deandre Ayton,23.0,2.0,4.0,0.5,0.0,0.0,,0.0,0.0,,3.0,9.0,12.0,1.0,3.0,1.0,3.0,5.0,4.0,-5.0,1,0,202310250LAC,18.75,13.90157894736842,-0.16421052631578947
Kris Murray,5.0,0.0,0.0,,0.0,0.0,,0.0,0.0,,0.0,1.0,1.0,0.0,0.0,0.0,0.0,0.0,0.0,12.0,0,0,202310250LAC,1.0,4.0,0.0025000000000000022
Shaedon Sharpe,28.0,6.0,14.0,0.429,1.0,6.0,0.167,1.0,1.0,1.0,4.0,2.0,6.0,3.0,1.0,0.0,0.0,4.0,14.0,10.0,0,0,202310250LAC,19.0,5.55388722826087,0.23568070652173914
Robert Williams,23.0,5.0,7.0,0.714,0.0,0.0,,0.0,1.0,0.0,2.0,5.0,7.0,0.0,3.0,1.0,2.0,4.0,10.0,-23.0,0,0,202310250LAC,17.5,10.497346774193549,-0.03652419354838715
Malcolm Brogdon,22.0,8.0,16.0,0.5,3.0,5.0,0.6,1.0,1.0,1.0,0.0,2.0,2.0,5.0,0.0,0.0,1.0,0.0,20.0,-5.0,0,0,202310250LAC,23.0,10.018488685344828,0.13001885775862082
Toumani Camara,15.0,2.0,5.0,0.4,2.0,2.0,1.0,1.0,2.0,0.5,0.0,2.0,2.0,1.0,0.0,1.0,0.0,2.0,7.0,13.0,0,0,202310250LAC,8.0,4.02,0.020000000000000018
Matisse Thybulle,20.0,3.0,7.0,0.429,2.0,6.0,0.333,0.0,0.0,,1.0,0.0,1.0,1.0,1.0,0.0,2.0,0.0,8.0,-12.0,1,0,202310250LAC,6.25,4.0,-0.023749999999999993
Jaren Jackson Jr.,35.0,2.0,9.0,0.222,0.0,5.0,0.0,4.0,4.0,1.0,1.0,4.0,5.0,3.0,0.0,5.0,3.0,5.0,8.0,-1.0,1,0,202310250MEM,14.75,12.573530624999998,-0.2063443749999999
Xavier Tillman Sr.,33.0,7.0,16.0,0.438,1.0,5.0,0.2,2.0,2.0,1.0,4.0,8.0,12.0,4.0,3.0,1.0,0.0,2.0,17.0,3.0,1,0,202310250MEM,39.0,8.07518625,0.64043625
Marcus Smart,32.0,6.0,11.0,0.545,2.0,6.0,0.333,3.0,6.0,0.5,0.0,0.0,0.0,3.0,2.0,0.0,5.0,3.0,17.0,3.0,1,0,202310250MEM,10.0,10.322265625,-0.224609375
Ziaire Williams,29.0,4.0,7.0,0.571,1.0,3.0,0.333,0.0,0.0,,0.0,4.0,4.0,0.0,0.0,0.0,1.0,2.0,9.0,-8.0,1,0,202310250MEM,9.5,4.0575,0.05750000000000002
David Roddy,27.0,4.0,7.0,0.571,1.0,3.0,0.333,0.0,0.0,,1.0,4.0,5.0,2.0,0.0,0.0,1.0,2.0,9.0,-3.0,0,0,202310250MEM,12.75,4.13875,0.13875000000000004
Derrick Rose,15.0,3.0,11.0,0.273,2.0,4.0,0.5,0.0,0.0,,1.0,1.0,2.0,3.0,0.0,0.0,0.0,0.0,8.0,-10.0,0,0,202310250MEM,6.75,4.0,-0.011249999999999982
Jacob Gilyard,,,,,,,,,,,,,,,,,,,,,0,0,202310250MEM,,8.4,-0.1
Jake LaRavia,14.0,1.0,3.0,0.333,0.0,2.0,0.0,0.0,0.0,,0.0,2.0,2.0,1.0,1.0,0.0,0.0,4.0,2.0,-11.0,0,0,202310250MEM,5.0,4.0,-0.05499999999999999
Gregory Jackson II,,,,,,,,,,,,,,,,,,,,,0,0,202310250MEM,,4.0,-0.1
John Konchar,,,,,,,,,,,,,,,,,,,,,0,0,202310250MEM,,5.515840517241379,-0.1
Desmond Bane,36.0,11.0,22.0,0.5,5.0,10.0,0.5,4.0,5.0,0.8,0.0,5.0,5.0,5.0,2.0,1.0,2.0,1.0,31.0,6.0,1,0,202310250MEM,39.0,14.128259765625,0.35521289062500006
Ja Morant,,,,,,,,,,,,,,,,,,,,,0,0,202310250MEM,,16.97091346153846,-0.1
Vince Williams Jr.,,,,,,,,,,,,,,,,,,,,,0,0,202310250MEM,,4.0,-0.1
Luke Kennard,14.0,0.0,5.0,0.0,0.0,5.0,0.0,3.0,3.0,1.0,1.0,1.0,2.0,2.0,0.0,0.0,1.0,0.0,3.0,-14.0,0,0,202310250MEM,1.75,5.419401147959184,-0.2095529336734694
Kenneth Lofton Jr.,,,,,,,,,,,,,,,,,,,,,0,0,202310250MEM,,4.0,-0.1
Cody Zeller,,,,,,,,,,,,,,,,,,,,,0,1,202310250MEM,,4.654807692307693,-0.1
Kaiser Gates,,,,,,,,,,,,,,,,,,,,,0,1,202310250MEM,,4.0,-0.1
E.J. Liddell,,,,,,,,,,,,,,,,,,,,,0,1,202310250MEM,,4.0,-0.1
Herbert Jones,38.0,4.0,8.0,0.5,2.0,3.0,0.667,3.0,5.0,0.6,3.0,5.0,8.0,3.0,1.0,1.0,3.0,3.0,13.0,2.0,1,1,202310250MEM,20.7375,7.936634486607142,0.16888895089285716
CJ McCollum,37.0,8.0,16.0,0.5,6.0,11.0,0.545,2.0,2.0,1.0,1.0,3.0,4.0,6.0,2.0,1.0,2.0,3.0,24.0,-1.0,1,1,202310250MEM,38.5875,13.272635080645163,0.38473185483870975
Zion Williamson,31.0,9.0,17.0,0.529,0.0,0.0,,5.0,7.0,0.714,4.0,3.0,7.0,3.0,0.0,0.0,3.0,1.0,23.0,-8.0,1,1,202310250MEM,23.1,15.260625,-0.114375
Jonas Valančiūnas,29.0,4.0,7.0,0.571,2.0,4.0,0.5,2.0,2.0,1.0,0.0,12.0,12.0,1.0,0.0,1.0,3.0,1.0,12.0,16.0,1,1,202310250MEM,26.775000000000002,13.061785576923077,0.0854394230769232
Brandon Ingram,35.0,7.0,18.0,0.389,0.0,3.0,0.0,5.0,6.0,0.833,0.0,7.0,7.0,6.0,2.0,0.0,5.0,3.0,19.0,-2.0,1,1,202310250MEM,20.475,14.300146634615386,-0.13783413461538463
Larry Nance Jr.,14.0,1.0,2.0,0.5,0.0,0.0,,0.0,0.0,,1.0,7.0,8.0,0.0,1.0,0.0,2.0,1.0,2.0,-4.0,0,1,202310250MEM,8.137500000000001,7.365605902777777,-0.1340468749999999
Matt Ryan,13.0,3.0,6.0,0.5,3.0,6.0,0.5,0.0,0.0,,0.0,1.0,1.0,1.0,0.0,0.0,0.0,2.0,9.0,20.0,0,1,202310250MEM,12.075000000000001,4.121875,0.12187500000000007
Kira Lewis Jr.,10.0,0.0,3.0,0.0,0.0,2.0,0.0,0.0,0.0,,0.0,0.0,0.0,0.0,0.0,1.0,1.0,1.0,0.0,0.0,0,1,202310250MEM,-3.1500000000000004,4.0,-0.25875000000000004
Jordan Hawkins,9.0,1.0,2.0,0.5,1.0,2.0,0.5,0.0,0.0,,0.0,0.0,0.0,2.0,0.0,0.0,0.0,2.0,3.0,14.0,0,1,202310250MEM,5.25,4.0,0.013125000000000012
Dyson Daniels,18.0,3.0,6.0,0.5,0.0,1.0,0.0,0.0,0.0,,2.0,3.0,5.0,0.0,2.0,1.0,2.0,4.0,6.0,-2.0,0,1,202310250MEM,10.5,4.474978472222222,0.06400625000000001
Duncan Robinson,22.0,6.0,10.0,0.6,3.0,5.0,0.6,0.0,0.0,,1.0,1.0,2.0,1.0,0.0,0.0,0.0,1.0,15.0,-3.0,0,1,202310250MIA,18.6375,4.2859375,0.2859375
Jimmy Butler,34.0,6.0,18.0,0.333,0.0,0.0,,7.0,9.0,0.778,8.0,5.0,13.0,4.0,2.0,0.0,0.0,0.0,19.0,-3.0,1,1,202310250MIA,36.75,16.78891015625,0.1709414062500001
Bam Adebayo,32.0,7.0,13.0,0.538,0.0,0.0,,8.0,10.0,0.8,2.0,6.0,8.0,3.0,0.0,2.0,2.0,3.0,22.0,-4.0,1,1,202310250MIA,29.400000000000002,15.314819711538462,0.04799278846153854
Kyle Lowry,31.0,0.0,1.0,0.0,0.0,0.0,,0.0,0.0,,0.0,2.0,2.0,2.0,2.0,1.0,0.0,4.0,0.0,4.0,1,1,202310250MIA,9.975,9.245838315217393,-0.17454211956521742
Kevin Love,27.0,4.0,9.0,0.444,3.0,6.0,0.5,2.0,2.0,1.0,2.0,8.0,10.0,2.0,0.0,0.0,1.0,5.0,13.0,5.0,1,1,202310250MIA,30.450000000000003,7.835119693396227,0.4279262971698114
Caleb Martin,19.0,1.0,7.0,0.143,0.0,3.0,0.0,0.0,0.0,,1.0,2.0,3.0,1.0,1.0,0.0,0.0,1.0,2.0,-5.0,0,1,202310250MIA,2.3625000000000003,7.021898185483871,-0.2690292338709677
R.J. Hampton,,,,,,,,,,,,,,,,,,,,,0,1,202310250MIA,,4.0,-0.1
Thomas Bryant,15.0,2.0,5.0,0.4,0.0,0.0,,4.0,5.0,0.8,2.0,4.0,6.0,3.0,1.0,0.0,1.0,0.0,8.0,5.0,0,1,202310250MIA,15.75,8.248039828431374,0.023652573529411802
Jaime Jaquez Jr.,13.0,3.0,3.0,1.0,0.0,0.0,,0.0,0.0,,0.0,2.0,2.0,2.0,2.0,0.0,1.0,2.0,6.0,4.0,0,1,202310250MIA,13.125,6.5953125,0.03281250000000002
Dru Smith,8.0,1.0,2.0,0.5,0.0,1.0,0.0,0.0,0.0,,0.0,0.0,0.0,1.0,0.0,0.0,0.0,1.0,2.0,-4.0,0,1,202310250MIA,2.625,4.0,-0.11437499999999999
Nikola Jović,,,,,,,,,,,,,,,,,,,,,0,1,202310250MIA,,4.0,-0.1
Jamal Cain,,,,,,,,,,,,,,,,,,,,,0,1,202310250MIA,,4.260576923076924,-0.1
Tyler Herro,34.0,7.0,24.0,0.292,2.0,7.0,0.286,0.0,0.0,,0.0,2.0,2.0,3.0,3.0,0.0,2.0,1.0,16.0,6.0,1,1,202310250MIA,8.4,12.143730263157893,-0.3523223684210525
Orlando Robinson,,,,,,,,,,,,,,,,,,,,,0,1,202310250MIA,,4.201388888888889,-0.1
James Wiseman,,,,,,,,,,,,,,,,,,,,,0,0,202310250MIA,,6.733653846153846,-0.1
Killian Hayes,30.0,4.0,12.0,0.333,0.0,6.0,0.0,2.0,3.0,0.667,0.0,1.0,1.0,3.0,2.0,1.0,1.0,2.0,10.0,1.0,1,0,202310250MIA,10.5,8.237117307692307,-0.11326730769230764
Jared Rhoden,,,,,,,,,,,,,,,,,,,,,0,0,202310250MIA,,4.0,-0.1
Stanley Umude,,,,,,,,,,,,,,,,,,,,,0,0,202310250MIA,,4.0,-0.1
Cade Cunningham,35.0,13.0,27.0,0.481,4.0,9.0,0.444,0.0,0.0,,0.0,3.0,3.0,9.0,1.0,1.0,3.0,5.0,30.0,-2.0,1,0,202310250MIA,36.0,12.624614583333331,0.34753125000000007
Jalen Duren,31.0,8.0,11.0,0.727,0.0,0.0,,1.0,3.0,0.333,6.0,8.0,14.0,4.0,0.0,4.0,4.0,4.0,17.0,-4.0,1,0,202310250MIA,39.5,10.204742187499999,0.5531796875000001
Ausar Thompson,26.0,1.0,7.0,0.143,1.0,2.0,0.5,1.0,2.0,0.5,3.0,4.0,7.0,3.0,0.0,5.0,2.0,2.0,4.0,-14.0,1,0,202310250MIA,14.75,7.411875,0.03687500000000005
Alec Burks,24.0,2.0,8.0,0.25,2.0,5.0,0.4,1.0,2.0,0.5,0.0,5.0,5.0,0.0,0.0,1.0,0.0,1.0,7.0,9.0,0,0,202310250MIA,6.5,7.401508522727274,-0.17860511363636364
Isaiah Stewart,34.0,6.0,11.0,0.545,2.0,3.0,0.667,0.0,0.0,,6.0,8.0,14.0,2.0,0.0,0.0,1.0,3.0,14.0,7.0,1,0,202310250MIA,32.0,10.284208096590909,0.3531001420454546
Marvin Bagley III,16.0,3.0,3.0,1.0,0.0,0.0,,2.0,2.0,1.0,2.0,6.0,8.0,3.0,0.0,1.0,1.0,1.0,8.0,3.0,0,0,202310250MIA,21.0,8.737488392857143,0.13802410714285718
Joe Harris,11.0,0.0,2.0,0.0,0.0,2.0,0.0,0.0,0.0,,0.0,0.0,0.0,0.0,0.0,0.0,0.0,2.0,0.0,-5.0,0,0,202310250MIA,-2.0,4.8990263671875,-0.2832001953125
Marcus Sasser,10.0,3.0,4.0,0.75,2.0,3.0,0.667,0.0,0.0,,0.0,2.0,2.0,1.0,0.0,0.0,1.0,0.0,8.0,2.0,0,0,202310250MIA,9.0,4.5225,0.02250000000000002
Malcolm Cazalon,,,,,,,,,,,,,,,,,,,,,0,0,202310250MIA,,4.0,-0.1
Jaden Ivey,17.0,1.0,7.0,0.143,0.0,2.0,0.0,2.0,3.0,0.667,0.0,2.0,2.0,3.0,0.0,0.0,3.0,3.0,4.0,-2.0,0,0,202310250MIA,-1.0,8.51306001984127,-0.42731696428571425
Isaiah Hartenstein,25.0,3.0,4.0,0.75,0.0,0.0,,1.0,2.0,0.5,5.0,3.0,8.0,2.0,0.0,0.0,1.0,5.0,7.0,-5.0,0,0,202310250NYK,15.75,6.816125,0.09112500000000001
Julius Randle,34.0,5.0,22.0,0.227,3.0,8.0,0.375,1.0,5.0,0.2,4.0,7.0,11.0,7.0,2.0,0.0,0.0,3.0,14.0,-13.0,1,0,202310250NYK,27.5,17.02116524621212,-0.08214914772727266
Jalen Brunson,32.0,6.0,21.0,0.286,3.0,8.0,0.375,0.0,1.0,0.0,1.0,2.0,3.0,6.0,3.0,0.0,2.0,3.0,15.0,-9.0,1,0,202310250NYK,16.75,14.846762392241379,-0.2611039870689655
Quentin Grimes,23.0,4.0,7.0,0.571,3.0,6.0,0.5,0.0,1.0,0.0,0.0,1.0,1.0,0.0,0.0,0.0,0.0,2.0,11.0,-1.0,1,0,202310250NYK,12.0,7.966606461864407,-0.06125370762711857
Mitchell Robinson,22.0,1.0,4.0,0.25,0.0,0.0,,0.0,2.0,0.0,3.0,3.0,6.0,1.0,2.0,0.0,1.0,4.0,2.0,1.0,1,0,202310250NYK,7.75,10.972317708333334,-0.31414062500000006
Immanuel Quickley,28.0,7.0,11.0,0.636,5.0,7.0,0.714,5.0,6.0,0.833,2.0,4.0,6.0,4.0,1.0,0.0,2.0,3.0,24.0,-3.0,0,0,202310250NYK,35.0,9.984453584558825,0.44575873161764706
Josh Hart,22.0,2.0,4.0,0.5,2.0,4.0,0.5,1.0,2.0,0.5,1.0,5.0,6.0,0.0,0.0,0.0,1.0,1.0,7.0,-1.0,0,0,202310250NYK,8.75,10.64404423076923,-0.27249423076923074
Jericho Sims,,,,,,,,,,,,,,,,,,,,,0,0,202310250NYK,,5.260823170731708,-0.1
Ryan Arcidiacono,,,,,,,,,,,,,,,,,,,,,0,0,202310250NYK,,4.0,-0.1
Evan Fournier,,,,,,,,,,,,,,,,,,,,,0,0,202310250NYK,,4.0,-0.1
DaQuan Jeffries,,,,,,,,,,,,,,,,,,,,,0,0,202310250NYK,,4.0,-0.1
Miles McBride,,,,,,,,,,,,,,,,,,,,,0,0,202310250NYK,,4.0,-0.1
RJ Barrett,36.0,8.0,20.0,0.4,2.0,5.0,0.4,6.0,7.0,0.857,1.0,2.0,3.0,2.0,1.0,0.0,2.0,0.0,24.0,6.0,1,0,202310250NYK,16.75,8.455035860655737,0.04007684426229513
Dylan Windler,,,,,,,,,,,,,,,,,,,,,0,0,202310250NYK,,4.0,-0.1
Donte DiVincenzo,15.0,0.0,4.0,0.0,0.0,3.0,0.0,0.0,0.0,,0.0,3.0,3.0,2.0,0.0,0.0,0.0,1.0,0.0,5.0,0,0,202310250NYK,2.0,8.461346153846154,-0.34634615384615386
Jordan Walsh,,,,,,,,,,,,,,,,,,,,,0,1,202310250NYK,,4.0,-0.1
Lamar Stevens,,,,,,,,,,,,,,,,,,,,,0,1,202310250NYK,,4.0,-0.1
Neemias Queta,,,,,,,,,,,,,,,,,,,,,0,1,202310250NYK,,4.0,-0.1
Jayson Tatum,38.0,13.0,22.0,0.591,3.0,8.0,0.375,5.0,6.0,0.833,0.0,11.0,11.0,4.0,2.0,1.0,4.0,3.0,34.0,0.0,1,1,202310250NYK,50.925000000000004,20.24248639112903,0.3792807459677422
Jaylen Brown,38.0,4.0,11.0,0.364,0.0,4.0,0.0,3.0,4.0,0.75,0.0,6.0,6.0,5.0,1.0,0.0,2.0,5.0,11.0,8.0,1,1,202310250NYK,16.8,14.274001674107144,-0.23280636160714285
Kristaps Porziņģis,37.0,8.0,15.0,0.533,5.0,9.0,0.556,9.0,10.0,0.9,1.0,7.0,8.0,0.0,0.0,4.0,1.0,4.0,30.0,13.0,1,1,202310250NYK,42.7875,16.53461403508772,0.34097368421052654
Derrick White,31.0,4.0,6.0,0.667,1.0,3.0,0.333,3.0,4.0,0.75,0.0,6.0,6.0,2.0,2.0,1.0,1.0,3.0,12.0,7.0,1,1,202310250NYK,23.1,10.691071105072464,0.1009442934782609
Al Horford,25.0,3.0,4.0,0.75,2.0,3.0,0.667,0.0,0.0,,3.0,4.0,7.0,2.0,0.0,0.0,3.0,2.0,8.0,-7.0,0,1,202310250NYK,13.912500000000001,10.292855324074074,-0.1208020833333332
Jrue Holiday,34.0,4.0,10.0,0.4,1.0,5.0,0.2,0.0,0.0,,2.0,2.0,4.0,2.0,0.0,3.0,2.0,3.0,9.0,3.0,1,1,202310250NYK,13.65,14.180757944915255,-0.3108734110169491
Payton Pritchard,11.0,1.0,4.0,0.25,0.0,3.0,0.0,2.0,2.0,1.0,0.0,1.0,1.0,1.0,0.0,0.0,0.0,1.0,4.0,-8.0,0,1,202310250NYK,3.6750000000000003,4.0,-0.08812499999999998
Luke Kornet,7.0,0.0,1.0,0.0,0.0,0.0,,0.0,0.0,,1.0,0.0,1.0,2.0,0.0,1.0,0.0,0.0,0.0,-1.0,0,1,202310250NYK,4.9875,4.080046610169492,-0.0616906779661017
Dalano Banton,,,,,,,,,,,,,,,,,,,,,0,1,202310250NYK,,4.0,-0.1
Oshae Brissett,,,,,,,,,,,,,,,,,,,,,0,1,202310250NYK,,4.0,-0.1
Svi Mykhailiuk,,,,,,,,,,,,,,,,,,,,,0,1,202310250NYK,,4.0531250000000005,-0.1
Sam Hauser,13.0,0.0,4.0,0.0,0.0,4.0,0.0,0.0,0.0,,0.0,2.0,2.0,0.0,1.0,1.0,0.0,1.0,0.0,5.0,0,1,202310250NYK,1.05,4.620138526119403,-0.1902159514925373
Joe Ingles,18.0,0.0,3.0,0.0,0.0,3.0,0.0,0.0,0.0,,0.0,4.0,4.0,5.0,0.0,0.0,1.0,3.0,0.0,9.0,0,1,202310250ORL,7.3500000000000005,5.7796714939024385,-0.07993216463414632
Franz Wagner,27.0,5.0,12.0,0.417,3.0,7.0,0.429,6.0,6.0,1.0,3.0,1.0,4.0,2.0,1.0,0.0,3.0,1.0,19.0,10.0,1,1,202310250ORL,21.7875,10.59614900362319,0.07105842391304357
Wendell Carter Jr.,26.0,4.0,10.0,0.4,0.0,2.0,0.0,0.0,0.0,,4.0,4.0,8.0,1.0,2.0,0.0,2.0,3.0,8.0,8.0,1,1,202310250ORL,14.175,11.859199142156864,-0.18773713235294115
Markelle Fultz,24.0,5.0,9.0,0.556,0.0,0.0,,0.0,0.0,,3.0,1.0,4.0,2.0,3.0,0.0,1.0,0.0,10.0,12.0,1,1,202310250ORL,18.6375,11.143434375,-0.03719062499999992
Jalen Suggs,20.0,3.0,12.0,0.25,2.0,7.0,0.286,0.0,0.0,,1.0,3.0,4.0,0.0,0.0,0.0,0.0,2.0,8.0,5.0,1,1,202310250ORL,4.4625,6.072527173913043,-0.169320652173913
Cole Anthony,24.0,8.0,12.0,0.667,1.0,2.0,0.5,3.0,3.0,1.0,1.0,7.0,8.0,2.0,0.0,0.0,0.0,2.0,20.0,17.0,0,1,202310250ORL,28.6125,9.03575,0.32325000000000004
Gary Harris,16.0,5.0,8.0,0.625,1.0,4.0,0.25,0.0,0.0,,3.0,2.0,5.0,0.0,0.0,1.0,0.0,0.0,11.0,8.0,0,1,202310250ORL,16.0125,6.251769622093024,0.12458938953488374
Jett Howard,4.0,0.0,1.0,0.0,0.0,1.0,0.0,0.0,0.0,,0.0,0.0,0.0,1.0,0.0,0.0,0.0,0.0,0.0,9.0,0,1,202310250ORL,0.525,4.0,0.0013125000000000012
Jonathan Isaac,14.0,4.0,6.0,0.667,1.0,3.0,0.333,2.0,3.0,0.667,1.0,3.0,4.0,0.0,0.0,2.0,2.0,2.0,11.0,10.0,0,1,202310250ORL,12.8625,4.741150568181818,0.11330965909090912
Goga Bitadze,4.0,2.0,2.0,1.0,0.0,0.0,,3.0,4.0,0.75,1.0,2.0,3.0,0.0,1.0,0.0,1.0,1.0,7.0,9.0,0,1,202310250ORL,9.7125,4.0628125,0.06281250000000002
Anthony Black,4.0,2.0,2.0,1.0,0.0,0.0,,1.0,1.0,1.0,0.0,0.0,0.0,1.0,0.0,2.0,0.0,0.0,5.0,9.0,0,1,202310250ORL,9.975,5.0124375,0.02493750000000003
Chuma Okeke,4.0,0.0,1.0,0.0,0.0,1.0,0.0,0.0,0.0,,0.0,3.0,3.0,0.0,0.0,0.0,0.0,0.0,0.0,9.0,0,1,202310250ORL,2.1,4.285900815217391,-0.14697961956521738
Paolo Banchero,27.0,3.0,6.0,0.5,0.0,1.0,0.0,6.0,7.0,0.857,0.0,5.0,5.0,5.0,1.0,0.0,1.0,2.0,12.0,13.0,1,1,202310250ORL,22.575,11.223330853174604,0.06212053571428566
Caleb Houstan,4.0,1.0,2.0,0.5,1.0,2.0,0.5,0.0,0.0,,0.0,1.0,1.0,0.0,0.0,0.0,0.0,0.0,3.0,9.0,0,1,202310250ORL,3.1500000000000004,4.0,-0.10124999999999998
Moritz Wagner,15.0,0.0,1.0,0.0,0.0,1.0,0.0,2.0,2.0,1.0,0.0,4.0,4.0,0.0,0.0,1.0,3.0,4.0,2.0,13.0,0,1,202310250ORL,2.1,7.333994015957447,-0.29060704787234043
Boban Marjanović,,,,,,,,,,,,,,,,,,,,,0,0,202310250ORL,,4.0,-0.1
Aaron Holiday,4.0,0.0,3.0,0.0,0.0,1.0,0.0,0.0,0.0,,0.0,0.0,0.0,0.0,0.0,0.0,0.0,0.0,0.0,-9.0,0,0,202310250ORL,-3.0,4.0,-0.255
Jeenathan Williams,4.0,2.0,3.0,0.667,0.0,1.0,0.0,0.0,0.0,,0.0,0.0,0.0,0.0,0.0,0.0,0.0,0.0,4.0,-9.0,0,0,202310250ORL,3.0,7.159906250000001,-0.25884375
Fred VanVleet,33.0,5.0,13.0,0.385,4.0,6.0,0.667,0.0,0.0,,0.0,1.0,1.0,5.0,1.0,0.0,3.0,0.0,14.0,-3.0,1,0,202310250ORL,16.5,14.849053879310345,-0.26775646551724136
Jalen Green,29.0,2.0,10.0,0.2,0.0,1.0,0.0,6.0,7.0,0.857,0.0,1.0,1.0,0.0,1.0,1.0,4.0,2.0,10.0,-12.0,1,0,202310250ORL,0.0,9.40078125,-0.44296874999999997
Alperen Şengün,28.0,6.0,11.0,0.545,0.0,1.0,0.0,2.0,4.0,0.5,2.0,6.0,8.0,6.0,0.0,0.0,1.0,4.0,14.0,-2.0,1,0,202310250ORL,24.0,12.917847115384617,0.019577884615384678
Dillon Brooks,26.0,5.0,7.0,0.714,4.0,6.0,0.667,0.0,0.0,,0.0,4.0,4.0,2.0,1.0,0.0,2.0,4.0,14.0,-15.0,1,0,202310250ORL,22.5,7.447453125,0.23807812500000003
Amen Thompson,21.0,3.0,10.0,0.3,1.0,7.0,0.143,1.0,2.0,0.5,1.0,4.0,5.0,2.0,0.0,0.0,4.0,2.0,8.0,-34.0,0,0,202310250ORL,2.25,4.0,0.005625000000000005
Jabari Smith Jr.,26.0,3.0,9.0,0.333,0.0,4.0,0.0,1.0,2.0,0.5,1.0,4.0,5.0,1.0,1.0,0.0,1.0,6.0,7.0,-8.0,1,0,202310250ORL,2.75,8.749734601449276,-0.34030163043478256
Jeff Green,13.0,2.0,4.0,0.5,0.0,1.0,0.0,0.0,1.0,0.0,3.0,0.0,3.0,1.0,0.0,0.0,1.0,2.0,4.0,-11.0,0,0,202310250ORL,4.75,4.444696808510638,-0.08509042553191488
Reggie Bullock,11.0,1.0,1.0,1.0,1.0,1.0,1.0,0.0,0.0,,0.0,1.0,1.0,0.0,1.0,1.0,0.0,1.0,3.0,-5.0,0,0,202310250ORL,7.0,5.759669981060606,-0.08815198863636362
Cam Whitmore,9.0,0.0,4.0,0.0,0.0,2.0,0.0,0.0,0.0,,0.0,1.0,1.0,0.0,0.0,0.0,1.0,0.0,0.0,-12.0,0,0,202310250ORL,-4.5,4.0,-0.01125000000000001
Jock Landale,8.0,1.0,2.0,0.5,1.0,2.0,0.5,0.0,0.0,,0.0,0.0,0.0,2.0,0.0,0.0,1.0,1.0,3.0,-9.0,0,0,202310250ORL,3.5,4.925627118644068,-0.14047457627118642
Jermaine Samuels,6.0,0.0,0.0,,0.0,0.0,,0.0,0.0,,0.0,0.0,0.0,0.0,0.0,0.0,0.0,1.0,0.0,-10.0,0,0,202310250ORL,0.0,4.0,0.0
Jae'Sean Tate,15.0,2.0,2.0,1.0,1.0,1.0,1.0,0.0,0.0,,0.0,2.0,2.0,0.0,1.0,1.0,0.0,1.0,5.0,-11.0,0,0,202310250ORL,10.0,5.616127314814816,-0.0028541666666666576
Cedi Osman,22.0,5.0,10.0,0.5,2.0,6.0,0.333,0.0,0.0,,0.0,0.0,0.0,2.0,0.0,1.0,0.0,2.0,12.0,-11.0,0,0,202310250SAS,11.5,5.231002403846154,0.05456009615384619
Zach Collins,31.0,6.0,10.0,0.6,0.0,4.0,0.0,2.0,2.0,1.0,1.0,4.0,5.0,3.0,1.0,2.0,3.0,4.0,14.0,-4.0,1,0,202310250SAS,20.75,9.184490740740742,0.11041666666666672
Keldon Johnson,31.0,7.0,15.0,0.467,1.0,3.0,0.333,2.0,3.0,0.667,2.0,7.0,9.0,7.0,0.0,0.0,3.0,4.0,17.0,0.0,1,0,202310250SAS,24.5,11.294955528846154,0.1091382211538462
Jeremy Sochan,28.0,4.0,12.0,0.333,2.0,4.0,0.5,3.0,6.0,0.5,3.0,5.0,8.0,5.0,1.0,0.0,3.0,4.0,13.0,-10.0,1,0,202310250SAS,16.25,7.448753255208333,0.07440429687500005
Victor Wembanyama,23.0,6.0,9.0,0.667,3.0,5.0,0.6,0.0,1.0,0.0,0.0,5.0,5.0,2.0,2.0,1.0,5.0,5.0,15.0,0.0,1,0,202310250SAS,20.0,10.05,0.050000000000000044
Tre Jones,25.0,5.0,7.0,0.714,2.0,3.0,0.667,4.0,4.0,1.0,1.0,4.0,5.0,6.0,0.0,0.0,1.0,0.0,16.0,1.0,0,0,202310250SAS,26.75,10.907652272727272,0.18628863636363646
Malaki Branham,17.0,3.0,7.0,0.429,0.0,3.0,0.0,1.0,1.0,1.0,0.0,2.0,2.0,2.0,1.0,0.0,1.0,1.0,7.0,-2.0,0,0,202310250SAS,8.0,5.227966477272728,-0.036919886363636384
Sandro Mamukelashvili,,,,,,,,,,,,,,,,,,,,,0,0,202310250SAS,,4.501388888888889,-0.1
Doug McDermott,10.0,0.0,1.0,0.0,0.0,1.0,0.0,0.0,0.0,,0.0,1.0,1.0,1.0,0.0,1.0,0.0,1.0,0.0,-7.0,0,0,202310250SAS,3.0,5.197403356481481,-0.16636979166666666
Dominick Barlow,,,,,,,,,,,,,,,,,,,,,0,0,202310250SAS,,4.317119565217392,-0.1
Julian Champagnie,,,,,,,,,,,,,,,,,,,,,0,0,202310250SAS,,4.697321428571429,-0.1
Devonte' Graham,,,,,,,,,,,,,,,,,,,,,0,0,202310250SAS,,4.976209677419355,-0.1
Devin Vassell,35.0,9.0,17.0,0.529,1.0,6.0,0.167,4.0,5.0,0.8,1.0,4.0,5.0,3.0,2.0,0.0,2.0,2.0,23.0,4.0,1,0,202310250SAS,24.75,11.011537500000001,0.12903750000000003
Blake Wesley,,,,,,,,,,,,,,,,,,,,,0,0,202310250SAS,,4.0,-0.1
Charles Bassey,13.0,1.0,1.0,1.0,0.0,0.0,,0.0,0.0,,1.0,4.0,5.0,2.0,1.0,0.0,1.0,0.0,2.0,-6.0,0,0,202310250SAS,10.25,6.364049768518519,-0.031552083333333314
Olivier-Maxence Prosper,,,,,,,,,,,,,,,,,,,,,0,1,202310250SAS,,4.0,-0.1
Dwight Powell,,,,,,,,,,,,,,,,,,,,,0,1,202310250SAS,,5.954101562500001,-0.1
Markieff Morris,,,,,,,,,,,,,,,,,,,,,0,1,202310250SAS,,4.0,-0.1
Kyrie Irving,36.0,10.0,24.0,0.417,1.0,8.0,0.125,1.0,1.0,1.0,0.0,2.0,2.0,6.0,1.0,0.0,2.0,3.0,22.0,1.0,1,1,202310250SAS,19.425,16.778101851851854,-0.2820833333333334
Grant Williams,35.0,6.0,11.0,0.545,4.0,8.0,0.5,1.0,1.0,1.0,1.0,5.0,6.0,0.0,0.0,1.0,3.0,4.0,17.0,2.0,1,1,202310250SAS,21.2625,7.150092329545455,0.2196946022727273
Luka Dončić,34.0,13.0,25.0,0.52,3.0,11.0,0.273,4.0,7.0,0.571,1.0,12.0,13.0,10.0,2.0,0.0,4.0,1.0,33.0,4.0,1,1,202310250SAS,60.112500000000004,22.744770474137933,0.5018825431034484
Derrick Jones Jr.,11.0,0.0,3.0,0.0,0.0,2.0,0.0,1.0,2.0,0.5,0.0,1.0,1.0,0.0,0.0,0.0,1.0,0.0,1.0,-1.0,1,1,202310250SAS,-2.625,4.0,-0.24562499999999998
Dereck Lively II,30.0,7.0,8.0,0.875,0.0,0.0,,2.0,3.0,0.667,5.0,5.0,10.0,1.0,1.0,1.0,1.0,4.0,16.0,20.0,0,1,202310250SAS,34.9125,17.54353125,0.08728125000000009
Maxi Kleber,23.0,2.0,7.0,0.286,2.0,5.0,0.4,0.0,0.0,,2.0,5.0,7.0,2.0,0.0,1.0,0.0,3.0,6.0,-12.0,1,1,202310250SAS,14.700000000000001,5.072466666666667,0.14580000000000004
Tim Hardaway Jr.,27.0,5.0,14.0,0.357,3.0,10.0,0.3,4.0,4.0,1.0,2.0,4.0,6.0,4.0,1.0,0.0,1.0,0.0,17.0,9.0,0,1,202310250SAS,24.675,8.370085553278688,0.2515404713114755
Dante Exum,7.0,1.0,2.0,0.5,0.0,1.0,0.0,1.0,1.0,1.0,0.0,1.0,1.0,0.0,0.0,0.0,0.0,1.0,3.0,4.0,0,1,202310250SAS,3.1500000000000004,4.0,0.007875000000000007
Seth Curry,3.0,0.0,0.0,,0.0,0.0,,0.0,0.0,,0.0,0.0,0.0,0.0,0.0,0.0,0.0,0.0,0.0,4.0,0,1,202310250SAS,0.0,5.10419951923077,-0.24051201923076923
Jaden Hardy,,,,,,,,,,,,,,,,,,,,,0,1,202310250SAS,,4.282164634146342,-0.1
Richaun Holmes,,,,,,,,,,,,,,,,,,,,,0,1,202310250SAS,,4.0,-0.1
Josh Green,29.0,3.0,5.0,0.6,2.0,2.0,1.0,3.0,4.0,0.75,2.0,0.0,2.0,1.0,1.0,0.0,0.0,4.0,11.0,4.0,0,1,202310250SAS,14.175,5.874567806603773,0.09426120283018874
Gary Trent Jr.,26.0,2.0,8.0,0.25,1.0,4.0,0.25,0.0,0.0,,0.0,2.0,2.0,2.0,1.0,1.0,0.0,3.0,5.0,3.0,0,1,202310250TOR,7.3500000000000005,9.051180803571429,-0.23408705357142856
Scottie Barnes,37.0,6.0,16.0,0.375,1.0,4.0,0.25,4.0,6.0,0.667,1.0,7.0,8.0,5.0,2.0,5.0,4.0,1.0,17.0,2.0,1,1,202310250TOR,27.5625,12.908088541666668,0.11329687499999996
Pascal Siakam,34.0,5.0,17.0,0.294,3.0,5.0,0.6,2.0,2.0,1.0,0.0,7.0,7.0,6.0,1.0,0.0,2.0,2.0,15.0,7.0,1,1,202310250TOR,22.575,15.447502049180327,-0.1369241803278688
OG Anunoby,33.0,7.0,13.0,0.538,4.0,9.0,0.444,2.0,2.0,1.0,0.0,6.0,6.0,1.0,2.0,3.0,2.0,2.0,20.0,6.0,1,1,202310250TOR,32.550000000000004,11.551211495535714,0.3077963169642859
Dennis Schröder,32.0,8.0,17.0,0.471,4.0,8.0,0.5,2.0,2.0,1.0,1.0,2.0,3.0,7.0,0.0,0.0,2.0,1.0,22.0,10.0,1,1,202310250TOR,30.1875,8.981010602678573,0.3670597098214286
Jakob Poeltl,23.0,3.0,3.0,1.0,0.0,0.0,,1.0,4.0,0.25,3.0,8.0,11.0,1.0,1.0,1.0,0.0,1.0,7.0,8.0,1,1,202310250TOR,22.3125,13.058080357142856,-0.031205357142856993
Precious Achiuwa,24.0,4.0,9.0,0.444,0.0,1.0,0.0,0.0,0.0,,3.0,5.0,8.0,0.0,0.0,0.0,2.0,1.0,8.0,-5.0,0,1,202310250TOR,9.1875,6.816963848039215,-0.08070772058823525
Otto Porter Jr.,,,,,,,,,,,,,,,,,,,,,0,1,202310250TOR,,4.817857142857143,-0.1
Jalen McDaniels,16.0,0.0,3.0,0.0,0.0,3.0,0.0,0.0,0.0,,0.0,2.0,2.0,2.0,1.0,1.0,0.0,2.0,0.0,-3.0,0,1,202310250TOR,5.25,6.337192934782609,-0.16117663043478261
Malachi Flynn,9.0,1.0,3.0,0.333,1.0,1.0,1.0,0.0,0.0,,0.0,0.0,0.0,2.0,1.0,0.0,2.0,4.0,3.0,-14.0,0,1,202310250TOR,2.625,4.0,-0.11437499999999999
Gradey Dick,2.0,0.0,1.0,0.0,0.0,0.0,,0.0,0.0,,0.0,0.0,0.0,1.0,0.0,0.0,0.0,1.0,0.0,1.0,0,1,202310250TOR,0.525,4.0,0.0013125000000000012
Chris Boucher,,,,,,,,,,,,,,,,,,,,,0,1,202310250TOR,,7.2779296875,-0.1
Daishen Nix,,,,,,,,,,,,,,,,,,,,,0,0,202310250TOR,,4.0,-0.1
Garrett Temple,,,,,,,,,,,,,,,,,,,,,0,1,202310250TOR,,4.0,-0.1
Thaddeus Young,,,,,,,,,,,,,,,,,,,,,0,1,202310250TOR,,4.159308510638298,-0.1
Wendell Moore Jr.,,,,,,,,,,,,,,,,,,,,,0,0,202310250TOR,,4.0,-0.1
Mike Conley,30.0,4.0,9.0,0.444,1.0,4.0,0.25,2.0,2.0,1.0,1.0,3.0,4.0,3.0,1.0,1.0,1.0,1.0,11.0,-6.0,1,0,202310250TOR,17.25,10.85855334051724,-0.06008890086206892
Leonard Miller,,,,,,,,,,,,,,,,,,,,,0,0,202310250TOR,,4.0,-0.1
Josh Minott,,,,,,,,,,,,,,,,,,,,,0,0,202310250TOR,,4.0,-0.1
Anthony Edwards,38.0,8.0,27.0,0.296,4.0,7.0,0.571,6.0,6.0,1.0,5.0,9.0,14.0,1.0,0.0,0.0,2.0,1.0,26.0,0.0,1,0,202310250TOR,30.75,14.40716557835821,0.12610214552238808
Rudy Gobert,32.0,6.0,12.0,0.5,0.0,0.0,,3.0,5.0,0.6,5.0,8.0,13.0,1.0,2.0,4.0,2.0,3.0,15.0,-11.0,1,0,202310250TOR,34.75,13.936063559322037,0.25301271186440677
Nickeil Alexander-Walker,22.0,1.0,5.0,0.2,0.0,3.0,0.0,0.0,0.0,,0.0,4.0,4.0,2.0,1.0,0.0,1.0,3.0,2.0,-17.0,1,0,202310250TOR,6.0,4.0,-0.02999999999999997
Kyle Anderson,30.0,3.0,9.0,0.333,0.0,1.0,0.0,1.0,2.0,0.5,2.0,7.0,9.0,5.0,2.0,0.0,1.0,0.0,7.0,15.0,0,0,202310250TOR,18.5,10.322360452586208,-0.0021007543103448434
Karl-Anthony Towns,35.0,8.0,25.0,0.32,2.0,10.0,0.2,1.0,1.0,1.0,2.0,8.0,10.0,3.0,0.0,4.0,4.0,2.0,19.0,-1.0,1,0,202310250TOR,23.0,14.257046249999998,-0.06970374999999984
Shake Milton,21.0,1.0,5.0,0.2,1.0,4.0,0.25,1.0,2.0,0.5,0.0,3.0,3.0,4.0,2.0,0.0,2.0,4.0,4.0,3.0,0,0,202310250TOR,8.0,5.507337890625,-0.050083984375
Troy Brown Jr.,5.0,0.0,0.0,,0.0,0.0,,0.0,0.0,,0.0,1.0,1.0,0.0,0.0,0.0,0.0,0.0,0.0,1.0,0,0,202310250TOR,1.0,6.09596484375,-0.26106640625
Luka Garza,,,,,,,,,,,,,,,,,,,,,0,0,202310250TOR,,4.0,-0.1
Jordan McLaughlin,,,,,,,,,,,,,,,,,,,,,0,0,202310250TOR,,4.178547297297298,-0.1
Naz Reid,23.0,3.0,8.0,0.375,0.0,2.0,0.0,4.0,4.0,1.0,1.0,3.0,4.0,1.0,0.0,0.0,1.0,0.0,10.0,1.0,0,0,202310250TOR,9.25,7.2273213541666665,-0.09840781249999997
Ochai Agbaji,19.0,2.0,6.0,0.333,1.0,2.0,0.5,0.0,0.0,,0.0,3.0,3.0,0.0,0.0,0.0,0.0,2.0,5.0,-11.0,0,0,202310250UTA,4.0,4.435261479591837,-0.10427933673469386
Lauri Markkanen,31.0,6.0,15.0,0.4,2.0,6.0,0.333,5.0,6.0,0.833,2.0,8.0,10.0,1.0,2.0,0.0,1.0,1.0,19.0,-7.0,1,0,202310250UTA,28.5,16.62154555084746,-0.03714088983050856
John Collins,30.0,6.0,11.0,0.545,1.0,3.0,0.333,2.0,2.0,1.0,3.0,8.0,11.0,2.0,1.0,0.0,0.0,3.0,15.0,-9.0,1,0,202310250UTA,32.25,10.19943465909091,0.36363920454545456
Jordan Clarkson,30.0,8.0,16.0,0.5,2.0,5.0,0.4,6.0,8.0,0.75,2.0,2.0,4.0,6.0,0.0,0.0,2.0,4.0,24.0,-4.0,1,0,202310250UTA,25.5,11.361429245283018,0.13218396226415108
Walker Kessler,22.0,4.0,5.0,0.8,0.0,0.0,,0.0,0.0,,4.0,4.0,8.0,0.0,0.0,1.0,1.0,3.0,8.0,-14.0,1,0,202310250UTA,17.0,10.952313942307692,-0.07105144230769217
Collin Sexton,19.0,2.0,9.0,0.222,0.0,2.0,0.0,5.0,7.0,0.714,0.0,3.0,3.0,0.0,0.0,0.0,3.0,3.0,9.0,-10.0,0,0,202310250UTA,-1.5,6.926365552325582,-0.36564026162790697
Keyonte George,18.0,3.0,5.0,0.6,1.0,3.0,0.333,1.0,1.0,1.0,0.0,2.0,2.0,2.0,0.0,0.0,1.0,0.0,8.0,-9.0,0,0,202310250UTA,9.5,4.77375,0.02375000000000002
Brice Sensabaugh,2.0,0.0,2.0,0.0,0.0,0.0,,0.0,0.0,,1.0,1.0,2.0,0.0,0.0,0.0,0.0,0.0,0.0,2.0,0,0,202310250UTA,0.25,4.0,0.0006250000000000006
Kris Dunn,15.0,3.0,6.0,0.5,0.0,1.0,0.0,2.0,4.0,0.5,0.0,1.0,1.0,2.0,2.0,0.0,4.0,0.0,8.0,-16.0,0,0,202310250UTA,4.0,9.698081597222222,-0.3522656249999999
Simone Fontecchio,2.0,1.0,2.0,0.5,0.0,1.0,0.0,0.0,0.0,,1.0,0.0,1.0,1.0,0.0,0.0,0.0,0.0,2.0,2.0,0,0,202310250UTA,3.75,4.0,-0.08625
Luka Šamanić,2.0,1.0,2.0,0.5,0.0,1.0,0.0,0.0,0.0,,0.0,0.0,0.0,0.0,0.0,0.0,0.0,0.0,2.0,2.0,0,0,202310250UTA,1.0,4.0,-0.155
Taylor Hendricks,2.0,0.0,0.0,,0.0,0.0,,1.0,2.0,0.5,0.0,1.0,1.0,0.0,0.0,0.0,0.0,0.0,1.0,2.0,0,0,202310250UTA,1.0,4.0,0.0025000000000000022
Colby Jones,1.0,0.0,0.0,,0.0,0.0,,0.0,0.0,,0.0,1.0,1.0,0.0,0.0,0.0,0.0,0.0,0.0,-2.0,0,1,202310250UTA,1.05,4.0,0.0026250000000000023
Omer Yurtseven,2.0,0.0,0.0,,0.0,0.0,,0.0,0.0,,0.0,1.0,1.0,0.0,0.0,0.0,0.0,0.0,0.0,2.0,0,0,202310250UTA,1.0,4.0,-0.155
Kelly Olynyk,16.0,2.0,3.0,0.667,0.0,0.0,,1.0,1.0,1.0,3.0,3.0,6.0,4.0,1.0,0.0,1.0,3.0,5.0,-5.0,0,0,202310250UTA,16.75,10.119759375000001,-0.03836562499999996
Jordan Ford,1.0,0.0,1.0,0.0,0.0,0.0,,0.0,0.0,,0.0,0.0,0.0,0.0,0.0,0.0,0.0,0.0,0.0,-2.0,0,1,202310250UTA,-1.05,4.0,-0.0026250000000000023
Talen Horton-Tucker,21.0,3.0,9.0,0.333,2.0,4.0,0.5,0.0,0.0,,0.0,1.0,1.0,4.0,0.0,1.0,1.0,1.0,8.0,-5.0,1,0,202310250UTA,10.0,7.064033522727273,-0.07108011363636363
Kessler Edwards,1.0,0.0,1.0,0.0,0.0,1.0,0.0,0.0,0.0,,0.0,0.0,0.0,0.0,0.0,0.0,0.0,0.0,0.0,-2.0,0,1,202310250UTA,-1.05,4.0,-0.20625
Keon Ellis,1.0,0.0,0.0,,0.0,0.0,,0.0,0.0,,0.0,0.0,0.0,0.0,0.0,0.0,0.0,0.0,0.0,-2.0,0,1,202310250UTA,0.0,4.0,-0.18
De'Aaron Fox,32.0,6.0,18.0,0.333,1.0,7.0,0.143,5.0,6.0,0.833,2.0,3.0,5.0,6.0,1.0,1.0,3.0,4.0,18.0,14.0,1,1,202310250UTA,19.95,15.421022916666667,-0.20439374999999993
Domantas Sabonis,32.0,8.0,14.0,0.571,1.0,2.0,0.5,5.0,7.0,0.714,6.0,6.0,12.0,5.0,1.0,2.0,3.0,3.0,22.0,5.0,1,1,202310250UTA,43.050000000000004,20.43768125,0.1639312500000002
Keegan Murray,29.0,5.0,13.0,0.385,4.0,9.0,0.444,1.0,1.0,1.0,2.0,6.0,8.0,1.0,1.0,2.0,0.0,4.0,15.0,12.0,1,1,202310250UTA,27.825000000000003,9.43984375,0.2835937500000002
Kevin Huerter,23.0,3.0,9.0,0.333,1.0,5.0,0.2,0.0,0.0,,2.0,3.0,5.0,2.0,0.0,0.0,1.0,3.0,7.0,6.0,1,1,202310250UTA,9.450000000000001,10.270713541666668,-0.23657812499999994
Malik Monk,23.0,4.0,12.0,0.333,2.0,9.0,0.222,0.0,0.0,,1.0,1.0,2.0,7.0,0.0,2.0,2.0,2.0,10.0,12.0,0,1,202310250UTA,15.4875,8.336118447580644,0.01263054435483879
Harrison Barnes,33.0,11.0,16.0,0.688,5.0,7.0,0.714,6.0,6.0,1.0,0.0,4.0,4.0,2.0,1.0,0.0,1.0,2.0,33.0,10.0,1,1,202310250UTA,43.050000000000004,10.042669034090911,0.6537485795454546
Chris Duarte,14.0,3.0,5.0,0.6,3.0,4.0,0.75,0.0,0.0,,1.0,1.0,2.0,1.0,0.0,0.0,0.0,3.0,9.0,5.0,0,1,202310250UTA,14.4375,4.30258630952381,0.17520535714285718
Davion Mitchell,13.0,0.0,3.0,0.0,0.0,2.0,0.0,0.0,0.0,,0.0,3.0,3.0,4.0,0.0,0.0,1.0,3.0,0.0,4.0,0,1,202310250UTA,4.7250000000000005,4.176501953125,-0.07310742187499998
JaVale McGee,13.0,4.0,4.0,1.0,0.0,0.0,,0.0,0.0,,0.0,1.0,1.0,1.0,0.0,1.0,0.0,0.0,8.0,13.0,0,1,202310250UTA,12.600000000000001,4.135,0.13500000000000006
Alex Len,2.0,0.0,0.0,,0.0,0.0,,0.0,0.0,,0.0,0.0,0.0,0.0,0.0,0.0,0.0,0.0,0.0,-2.0,0,1,202310250UTA,0.0,4.0,-0.18
Sasha Vezenkov,15.0,3.0,6.0,0.5,2.0,5.0,0.4,0.0,0.0,,1.0,1.0,2.0,0.0,2.0,0.0,0.0,1.0,8.0,9.0,0,1,202310250UTA,10.762500000000001,5.40815625,0.02690625000000002
Max Christie,,,,,,,,,,,,,,,,,,,,,0,1,202310260LAL,,4.0,-0.1
D'Angelo Russell,33.0,6.0,16.0,0.375,1.0,7.0,0.143,1.0,1.0,1.0,0.0,4.0,4.0,5.0,2.0,1.0,3.0,2.0,14.0,8.0,1,1,202310260LAL,17.325,12.251021872351695,-0.12373925052966106
Austin Reaves,27.0,4.0,7.0,0.571,1.0,2.0,0.5,1.0,2.0,0.5,1.0,1.0,2.0,1.0,1.0,0.0,1.0,5.0,10.0,-11.0,1,1,202310260LAL,11.2875,8.382715248842592,-0.09951276041666668
Taurean Prince,18.0,0.0,5.0,0.0,0.0,1.0,0.0,0.0,0.0,,0.0,0.0,0.0,0.0,1.0,0.0,0.0,3.0,0.0,-15.0,1,1,202310260LAL,-2.625,5.360088125,-0.32128687499999997
Gabe Vincent,35.0,3.0,10.0,0.3,0.0,5.0,0.0,1.0,2.0,0.5,1.0,2.0,3.0,6.0,3.0,0.0,0.0,1.0,7.0,13.0,0,1,202310260LAL,16.5375,5.590031144979509,0.16951423924180334
Rui Hachimura,12.0,2.0,3.0,0.667,1.0,2.0,0.5,2.0,2.0,1.0,0.0,0.0,0.0,0.0,1.0,1.0,1.0,2.0,7.0,-13.0,0,1,202310260LAL,7.875,6.1674172528409095,-0.08445945170454544
Cam Reddish,11.0,2.0,5.0,0.4,0.0,3.0,0.0,0.0,0.0,,0.0,1.0,1.0,0.0,0.0,0.0,1.0,2.0,4.0,-12.0,0,1,202310260LAL,0.525,5.540999733952703,-0.2473507728040541
Jaxson Hayes,5.0,0.0,0.0,,0.0,0.0,,0.0,0.0,,0.0,2.0,2.0,0.0,1.0,0.0,2.0,3.0,0.0,3.0,0,1,202310260LAL,0.525,4.0,-0.166875
Colin Castleton,,,,,,,,,,,,,,,,,,,,,0,1,202310260LAL,,4.0,-0.1
LeBron James,35.0,7.0,14.0,0.5,1.0,5.0,0.2,6.0,8.0,0.75,1.0,7.0,8.0,9.0,2.0,2.0,5.0,1.0,21.0,22.0,1,1,202310260LAL,34.9125,19.10186417798913,0.013851949728260982
Christian Wood,21.0,2.0,7.0,0.286,0.0,2.0,0.0,3.0,4.0,0.75,2.0,8.0,10.0,1.0,0.0,0.0,1.0,2.0,7.0,23.0,0,1,202310260LAL,12.075000000000001,10.80618911732456,-0.19309268092105253
Anthony Davis,39.0,10.0,17.0,0.588,1.0,2.0,0.5,9.0,10.0,0.9,3.0,9.0,12.0,2.0,3.0,3.0,2.0,2.0,30.0,7.0,1,1,202310260LAL,52.237500000000004,20.06209397786458,0.4221395507812503
Nassir Little,13.0,0.0,2.0,0.0,0.0,2.0,0.0,2.0,2.0,1.0,0.0,2.0,2.0,0.0,1.0,1.0,1.0,0.0,2.0,-7.0,0,0,202310260LAL,3.5,4.100826664663462,-0.1016096334134615
Saben Lee,,,,,,,,,,,,,,,,,,,,,0,0,202310260LAL,,4.37608695652174,-0.1
Bol Bol,,,,,,,,,,,,,,,,,,,,,0,0,202310260LAL,,6.983792372881356,-0.1
Keita Bates-Diop,,,,,,,,,,,,,,,,,,,,,0,0,202310260LAL,,6.1947368421052635,-0.1
Udoka Azubuike,,,,,,,,,,,,,,,,,,,,,0,0,202310260LAL,,4.0,-0.1
Grayson Allen,34.0,2.0,6.0,0.333,2.0,4.0,0.5,0.0,0.0,,1.0,5.0,6.0,4.0,0.0,0.0,0.0,3.0,6.0,-2.0,1,0,202310260LAL,15.25,7.46817025094697,0.04731134943181825
Yuta Watanabe,14.0,1.0,2.0,0.5,1.0,1.0,1.0,0.0,0.0,,0.0,1.0,1.0,0.0,0.0,0.0,1.0,2.0,3.0,-14.0,0,0,202310260LAL,1.5,4.230572037377452,-0.16007931066176473
Drew Eubanks,17.0,1.0,2.0,0.5,0.0,0.0,,0.0,0.0,,1.0,3.0,4.0,2.0,0.0,0.0,2.0,3.0,2.0,1.0,0,0,202310260LAL,5.25,6.87554953125,-0.18654421874999996
Jordan Goodwin,29.0,6.0,15.0,0.4,1.0,5.0,0.2,1.0,3.0,0.333,0.0,6.0,6.0,2.0,2.0,0.0,1.0,2.0,14.0,8.0,0,0,202310260LAL,13.5,5.492099041053921,0.09461313419117653
Josh Okogie,32.0,3.0,5.0,0.6,2.0,4.0,0.5,2.0,2.0,1.0,4.0,4.0,8.0,3.0,0.0,1.0,1.0,2.0,10.0,3.0,1,0,202310260LAL,22.5,6.029845637600807,0.3048763835685484
Eric Gordon,30.0,6.0,16.0,0.375,2.0,8.0,0.25,1.0,1.0,1.0,1.0,1.0,2.0,0.0,0.0,0.0,2.0,2.0,15.0,-27.0,1,0,202310260LAL,5.25,6.8124324067540325,-0.18357011340725807
Jusuf Nurkić,28.0,1.0,5.0,0.2,0.0,2.0,0.0,2.0,2.0,1.0,3.0,6.0,9.0,3.0,3.0,0.0,4.0,5.0,4.0,-5.0,1,0,202310260LAL,13.75,12.230462877906977,-0.21635688953488375
D'Moi Hodge,,,,,,,,,,,,,,,,,,,,,0,1,202310260LAL,,4.0,-0.1
Chimezie Metu,,,,,,,,,,,,,,,,,,,,,0,0,202310260LAL,,4.0,-0.1
Maxwell Lewis,,,,,,,,,,,,,,,,,,,,,0,1,202310260LAL,,4.0,-0.1
Kevin Durant,39.0,14.0,28.0,0.5,1.0,5.0,0.2,10.0,13.0,0.769,0.0,11.0,11.0,2.0,1.0,1.0,8.0,2.0,39.0,18.0,1,0,202310260LAL,33.0,18.599825585937502,-0.012557226562500023
Tobias Harris,37.0,8.0,9.0,0.889,3.0,3.0,1.0,1.0,2.0,0.5,0.0,7.0,7.0,2.0,0.0,0.0,2.0,2.0,20.0,-14.0,1,0,202310260MIL,29.0,11.096697916666667,0.23628125000000005
A.J. Green,,,,,,,,,,,,,,,,,,,,,0,1,202310260MIL,,4.0,-0.1
Andre Jackson Jr.,,,,,,,,,,,,,,,,,,,,,0,1,202310260MIL,,4.0,-0.1
Chris Livingston,,,,,,,,,,,,,,,,,,,,,0,1,202310260MIL,,4.0,-0.1
Robin Lopez,,,,,,,,,,,,,,,,,,,,,0,1,202310260MIL,,4.0,-0.1
Thanasis Antetokounmpo,,,,,,,,,,,,,,,,,,,,,0,1,202310260MIL,,4.0,-0.1
Cameron Payne,8.0,1.0,3.0,0.333,0.0,1.0,0.0,0.0,0.0,,0.0,0.0,0.0,0.0,1.0,0.0,0.0,3.0,2.0,-7.0,0,1,202310260MIL,1.5750000000000002,6.665582812500001,-0.2728546875
MarJon Beauchamp,16.0,2.0,3.0,0.667,0.0,1.0,0.0,0.0,0.0,,1.0,1.0,2.0,0.0,0.0,0.0,0.0,3.0,4.0,-3.0,0,1,202310260MIL,5.5125,4.0,-0.04218749999999999
Bobby Portis,19.0,5.0,8.0,0.625,0.0,0.0,,0.0,4.0,0.0,2.0,4.0,6.0,2.0,0.0,1.0,0.0,3.0,10.0,-10.0,0,1,202310260MIL,14.700000000000001,11.59949375,-0.16175624999999993
Jae Crowder,26.0,3.0,4.0,0.75,1.0,1.0,1.0,2.0,2.0,1.0,0.0,4.0,4.0,2.0,2.0,0.0,1.0,3.0,9.0,11.0,0,1,202310260MIL,17.325,5.542375,0.19237500000000002
Khris Middleton,16.0,2.0,5.0,0.4,1.0,3.0,0.333,1.0,2.0,0.5,0.0,3.0,3.0,4.0,2.0,0.0,2.0,0.0,6.0,14.0,1,1,202310260MIL,12.600000000000001,10.834613146551725,-0.18068857758620682
Brook Lopez,28.0,5.0,7.0,0.714,3.0,4.0,0.75,0.0,0.0,,1.0,1.0,2.0,0.0,0.0,0.0,2.0,4.0,13.0,11.0,1,1,202310260MIL,14.9625,12.59918704710145,-0.20199048913043477
Malik Beasley,31.0,2.0,4.0,0.5,1.0,1.0,1.0,0.0,0.0,,0.0,4.0,4.0,3.0,2.0,0.0,2.0,1.0,5.0,-5.0,1,1,202310260MIL,13.125,6.6606176470588245,0.029735294117647026
Tyrese Maxey,40.0,10.0,22.0,0.455,3.0,8.0,0.375,8.0,10.0,0.8,0.0,4.0,4.0,8.0,2.0,0.0,0.0,3.0,31.0,0.0,1,0,202310260MIL,40.0,12.189995454545455,0.47272272727272724
Giannis Antetokounmpo,35.0,10.0,22.0,0.455,0.0,3.0,0.0,3.0,9.0,0.333,5.0,8.0,13.0,3.0,2.0,2.0,7.0,4.0,23.0,-13.0,1,1,202310260MIL,26.512500000000003,20.79394024122807,-0.28577467105263143
Filip Petrušev,,,,,,,,,,,,,,,,,,,,,0,0,202310260MIL,,4.0,-0.1
Furkan Korkmaz,,,,,,,,,,,,,,,,,,,,,0,0,202310260MIL,,4.0,-0.1
Danuel House Jr.,,,,,,,,,,,,,,,,,,,,,0,0,202310260MIL,,4.0,-0.1
Mo Bamba,,,,,,,,,,,,,,,,,,,,,0,0,202310260MIL,,5.353779069767443,-0.1
Jaden Springer,4.0,0.0,1.0,0.0,0.0,1.0,0.0,0.0,0.0,,0.0,0.0,0.0,0.0,0.0,2.0,0.0,1.0,0.0,-10.0,0,0,202310260MIL,2.0,4.0,-0.13
Paul Reed,11.0,1.0,2.0,0.5,0.0,1.0,0.0,1.0,2.0,0.5,1.0,3.0,4.0,2.0,0.0,1.0,2.0,4.0,3.0,0.0,0,0,202310260MIL,6.75,5.027419084821428,-0.06019252232142852
Patrick Beverley,13.0,1.0,1.0,1.0,0.0,0.0,,0.0,0.0,,0.0,2.0,2.0,2.0,0.0,0.0,0.0,2.0,2.0,6.0,0,0,202310260MIL,7.0,6.206259090909091,-0.10919545454545451
Danny Green,13.0,0.0,1.0,0.0,0.0,1.0,0.0,0.0,0.0,,0.0,2.0,2.0,1.0,1.0,0.0,0.0,0.0,0.0,2.0,0,0,202310260MIL,4.0,4.0,-0.07999999999999999
Kelly Oubre Jr.,32.0,9.0,11.0,0.818,5.0,6.0,0.833,4.0,4.0,1.0,1.0,3.0,4.0,0.0,1.0,0.0,3.0,4.0,27.0,14.0,0,0,202310260MIL,31.25,11.011250762195123,0.2992080792682927
De'Anthony Melton,24.0,3.0,10.0,0.3,2.0,6.0,0.333,2.0,2.0,1.0,1.0,1.0,2.0,4.0,2.0,0.0,1.0,2.0,10.0,-4.0,1,0,202310260MIL,13.75,8.480964962121211,-0.039678977272727234
P.J. Tucker,25.0,0.0,2.0,0.0,0.0,2.0,0.0,0.0,0.0,,1.0,6.0,7.0,0.0,2.0,0.0,0.0,5.0,0.0,2.0,1,0,202310260MIL,9.25,4.215248511904762,0.04352232142857143
Joel Embiid,36.0,9.0,21.0,0.429,3.0,7.0,0.429,3.0,8.0,0.375,0.0,7.0,7.0,6.0,0.0,1.0,7.0,5.0,24.0,-1.0,1,0,202310260MIL,18.0,20.48535738636364,-0.49407443181818184
Damian Lillard,37.0,9.0,20.0,0.45,4.0,12.0,0.333,17.0,17.0,1.0,0.0,8.0,8.0,4.0,0.0,0.0,0.0,2.0,39.0,12.0,1,1,202310260MIL,49.35,20.283893382352943,0.3360992647058825
Pat Connaughton,20.0,2.0,6.0,0.333,1.0,4.0,0.25,2.0,2.0,1.0,0.0,2.0,2.0,2.0,0.0,1.0,0.0,0.0,7.0,-5.0,0,1,202310260MIL,9.975,6.319143278301886,-0.03663502358490561
